'Train_04';0.000000;0.000000;0.000000;0.000000
'Train_04';0.100000;0.000000;0.000000;0.000000
'Train_04';0.200000;0.000000;0.000000;0.000000
'Train_04';0.300000;0.000000;0.000000;0.000000
'Train_04';0.400000;0.000000;0.000000;0.000000
'Train_04';0.500000;0.000000;0.000000;0.000000
'Train_04';0.600000;0.000000;0.000000;0.000000
'Train_04';0.700000;0.000000;0.000000;0.000000
'Train_04';0.800000;0.000000;0.000000;0.000000
'Train_04';0.900000;0.000000;0.000000;0.000000
'Train_04';1.000000;0.000000;0.000000;0.000000
'Train_04';1.100000;0.000000;0.000000;0.000000
'Train_04';1.200000;0.000000;0.000000;0.000000
'Train_04';1.300000;0.000000;0.000000;0.000000
'Train_04';1.400000;0.000000;0.000000;0.000000
'Train_04';1.500000;0.000000;0.000000;0.000000
'Train_04';1.600000;0.000000;0.000000;0.000000
'Train_04';1.700000;0.000000;0.000000;0.000000
'Train_04';1.800000;0.000000;0.000000;0.000000
'Train_04';1.900000;0.000000;0.000000;0.000000
'Train_04';2.000000;0.000000;0.000000;0.000000
'Train_04';2.100000;0.000000;0.000000;0.000000
'Train_04';2.200000;0.000000;0.000000;0.000000
'Train_04';2.300000;0.000000;0.000000;0.000000
'Train_04';2.400000;0.000000;0.000000;0.000000
'Train_04';2.500000;0.000000;0.000000;0.000000
'Train_04';2.600000;0.000000;0.000000;0.000000
'Train_04';2.700000;0.000000;0.000000;0.000000
'Train_04';2.800000;0.000000;0.000000;0.000000
'Train_04';2.900000;0.000000;0.000000;0.000000
'Train_04';3.000000;0.000000;0.000000;0.000000
'Train_04';3.100000;0.000000;0.000000;0.000000
'Train_04';3.200000;0.000000;0.000000;0.000000
'Train_04';3.300000;0.000000;0.000000;0.000000
'Train_04';3.400000;0.000000;0.000000;0.000000
'Train_04';3.500000;0.000000;0.000000;0.000000
'Train_04';3.600000;0.000000;0.000000;0.000017
'Train_04';3.700000;0.000000;0.000000;0.000598
'Train_04';3.800000;0.000000;0.000000;0.000598
'Train_04';3.900000;0.000000;0.000000;0.000598
'Train_04';4.000000;0.000000;0.000000;0.000598
'Train_04';4.100000;0.000000;0.000000;-0.001796
'Train_04';4.200000;0.003458;0.000000;-0.001796
'Train_04';4.300000;0.006713;0.000000;0.000000
'Train_04';4.400000;0.006713;0.000000;0.001794
'Train_04';4.500000;0.011596;0.000000;0.001912
'Train_04';4.600000;0.011596;0.000000;0.001912
'Train_04';4.700000;0.011596;0.000000;0.000000
'Train_04';4.800000;0.011596;0.000000;0.000000
'Train_04';4.900000;0.014851;0.000000;0.000000
'Train_04';5.000000;0.014851;0.000000;0.000000
'Train_04';5.100000;0.014851;0.000000;0.000000
'Train_04';5.200000;0.014851;0.000000;0.000000
'Train_04';5.300000;0.014851;0.000000;0.000000
'Train_04';5.400000;0.014851;0.004845;0.000000
'Train_04';5.500000;0.018391;0.016245;0.000000
'Train_04';5.600000;0.023879;0.016245;0.000000
'Train_04';5.700000;0.030078;0.020805;0.000000
'Train_04';5.800000;0.031106;0.020805;0.000000
'Train_04';5.900000;0.032550;0.020805;0.000000
'Train_04';6.000000;0.032550;0.020805;0.000000
'Train_04';6.100000;0.034085;0.020805;0.000000
'Train_04';6.200000;0.035805;0.020805;0.000000
'Train_04';6.300000;0.035805;0.020805;0.000000
'Train_04';6.400000;0.035805;0.020805;0.000000
'Train_04';6.500000;0.040688;0.020805;0.000000
'Train_04';6.600000;0.040688;0.020805;0.000000
'Train_04';6.700000;0.040688;0.020805;0.000000
'Train_04';6.800000;0.040688;0.020805;0.000000
'Train_04';6.900000;0.040688;0.020805;0.000000
'Train_04';7.000000;0.040688;0.020805;0.000000
'Train_04';7.100000;0.040688;0.022531;0.000000
'Train_04';7.200000;0.040688;0.027645;0.000000
'Train_04';7.300000;0.040688;0.028472;0.000000
'Train_04';7.400000;0.040688;0.031934;0.000000
'Train_04';7.500000;0.040688;0.031934;0.000000
'Train_04';7.600000;0.040688;0.031934;0.000000
'Train_04';7.700000;0.032550;0.031967;0.000000
'Train_04';7.800000;0.032550;0.031967;0.000000
'Train_04';7.900000;0.027668;0.031920;0.000000
'Train_04';8.000000;0.027668;0.031920;0.000000
'Train_04';8.100000;0.023690;0.036227;0.000000
'Train_04';8.200000;0.020438;0.040281;0.000000
'Train_04';8.300000;0.019733;0.040281;0.000000
'Train_04';8.400000;0.015906;0.040281;0.000000
'Train_04';8.500000;0.011596;0.050416;0.000000
'Train_04';8.600000;0.009133;0.050416;0.000000
'Train_04';8.700000;0.000000;0.050548;0.000000
'Train_04';8.800000;0.000000;0.050873;0.000000
'Train_04';8.900000;0.000000;0.061723;0.000000
'Train_04';9.000000;0.000000;0.067359;0.000000
'Train_04';9.100000;0.000000;0.070511;0.000000
'Train_04';9.200000;0.000000;0.070511;0.000000
'Train_04';9.300000;0.000000;0.071829;0.000000
'Train_04';9.400000;0.000000;0.071829;0.000000
'Train_04';9.500000;0.000000;0.071362;0.000000
'Train_04';9.600000;0.000000;0.070176;0.000000
'Train_04';9.700000;0.000000;0.068801;0.000000
'Train_04';9.800000;0.000753;0.068801;0.000000
'Train_04';9.900000;0.001861;0.068801;0.000000
'Train_04';10.000000;0.003345;0.069275;0.000000
'Train_04';10.100000;0.003458;0.069275;0.000095
'Train_04';10.200000;0.003458;0.069275;0.022260
'Train_04';10.300000;0.003458;0.068656;0.044183
'Train_04';10.400000;0.003458;0.068656;0.062815
'Train_04';10.500000;0.003458;0.068656;0.068331
'Train_04';10.600000;0.003458;0.057283;0.072492
'Train_04';10.700000;0.000000;0.042485;0.076893
'Train_04';10.800000;0.000000;0.024017;0.079827
'Train_04';10.900000;0.000000;0.018594;0.084228
'Train_04';11.000000;0.000052;0.018594;0.084228
'Train_04';11.100000;0.000368;0.018497;0.084228
'Train_04';11.200000;0.000368;0.018497;0.084228
'Train_04';11.300000;0.000000;0.018497;0.084228
'Train_04';11.400000;0.000000;0.018497;0.084228
'Train_04';11.500000;0.000000;0.018497;0.084228
'Train_04';11.600000;0.000000;0.018582;0.084228
'Train_04';11.700000;0.000097;0.018917;0.084228
'Train_04';11.800000;0.000097;0.018917;0.087031
'Train_04';11.900000;0.000000;0.018917;0.100505
'Train_04';12.000000;0.000000;0.024578;0.103116
'Train_04';12.100000;0.000000;0.024578;0.103116
'Train_04';12.200000;0.006256;0.024578;0.110268
'Train_04';12.300000;0.009790;0.028379;0.113202
'Train_04';12.400000;0.019898;0.028379;0.113202
'Train_04';12.500000;0.023486;0.028379;0.113202
'Train_04';12.600000;0.035119;0.028379;0.113202
'Train_04';12.700000;0.039031;0.028379;0.121159
'Train_04';12.800000;0.039391;0.038149;0.129838
'Train_04';12.900000;0.042589;0.041157;0.148615
'Train_04';13.000000;0.048814;0.052904;0.192825
'Train_04';13.100000;0.049872;0.053539;0.209858
'Train_04';13.200000;0.049872;0.073563;0.220804
'Train_04';13.300000;0.041522;0.088449;0.211405
'Train_04';13.400000;0.041522;0.105154;0.180076
'Train_04';13.500000;0.041522;0.109572;0.159660
'Train_04';13.600000;0.041522;0.109747;0.175444
'Train_04';13.700000;0.041522;0.116074;0.179890
'Train_04';13.800000;0.041522;0.129486;0.199994
'Train_04';13.900000;0.041522;0.129486;0.214368
'Train_04';14.000000;0.048236;0.129486;0.221578
'Train_04';14.100000;0.053118;0.129486;0.222414
'Train_04';14.200000;0.056373;0.129486;0.222176
'Train_04';14.300000;0.056373;0.132590;0.223329
'Train_04';14.400000;0.056373;0.133076;0.229328
'Train_04';14.500000;0.056373;0.133076;0.230498
'Train_04';14.600000;0.056373;0.133076;0.246246
'Train_04';14.700000;0.056373;0.133076;0.247228
'Train_04';14.800000;0.056373;0.133076;0.246236
'Train_04';14.900000;0.056742;0.129386;0.246236
'Train_04';15.000000;0.061256;0.128448;0.237522
'Train_04';15.100000;0.061256;0.128448;0.240179
'Train_04';15.200000;0.061256;0.128448;0.240179
'Train_04';15.300000;0.061256;0.125373;0.240179
'Train_04';15.400000;0.061256;0.125373;0.241806
'Train_04';15.500000;0.061256;0.124436;0.242331
'Train_04';15.600000;0.061256;0.123652;0.242331
'Train_04';15.700000;0.062328;0.123652;0.240187
'Train_04';15.800000;0.061256;0.124436;0.225235
'Train_04';15.900000;0.065659;0.124436;0.207338
'Train_04';16.000000;0.066116;0.124436;0.200324
'Train_04';16.100000;0.066748;0.120382;0.200872
'Train_04';16.200000;0.066748;0.120382;0.200324
'Train_04';16.300000;0.069190;0.120382;0.197414
'Train_04';16.400000;0.069190;0.120244;0.193320
'Train_04';16.500000;0.069190;0.119503;0.189672
'Train_04';16.600000;0.069190;0.120244;0.186315
'Train_04';16.700000;0.070114;0.119503;0.186574
'Train_04';16.800000;0.070114;0.120281;0.186574
'Train_04';16.900000;0.070256;0.121516;0.192455
'Train_04';17.000000;0.069190;0.121516;0.197562
'Train_04';17.100000;0.069190;0.121319;0.199236
'Train_04';17.200000;0.069190;0.121319;0.212200
'Train_04';17.300000;0.069190;0.122256;0.250094
'Train_04';17.400000;0.069190;0.122256;0.280932
'Train_04';17.500000;0.069190;0.122256;0.312803
'Train_04';17.600000;0.069190;0.123989;0.330001
'Train_04';17.700000;0.069190;0.126883;0.338216
'Train_04';17.800000;0.069190;0.126883;0.346923
'Train_04';17.900000;0.069190;0.125906;0.350286
'Train_04';18.000000;0.069190;0.112925;0.350286
'Train_04';18.100000;0.069190;0.105777;0.335544
'Train_04';18.200000;0.069190;0.100082;0.335903
'Train_04';18.300000;0.068195;0.100082;0.340896
'Train_04';18.400000;0.068195;0.105875;0.342501
'Train_04';18.500000;0.068195;0.109336;0.346106
'Train_04';18.600000;0.069190;0.106745;0.356084
'Train_04';18.700000;0.072357;0.105946;0.357302
'Train_04';18.800000;0.072357;0.105946;0.357302
'Train_04';18.900000;0.072357;0.105946;0.357302
'Train_04';19.000000;0.076676;0.105946;0.357302
'Train_04';19.100000;0.076676;0.105946;0.357302
'Train_04';19.200000;0.076525;0.100756;0.346746
'Train_04';19.300000;0.074650;0.097173;0.344382
'Train_04';19.400000;0.077817;0.097173;0.351418
'Train_04';19.500000;0.079843;0.096973;0.363443
'Train_04';19.600000;0.079843;0.096973;0.363443
'Train_04';19.700000;0.078641;0.096973;0.365863
'Train_04';19.800000;0.078641;0.096973;0.366552
'Train_04';19.900000;0.079425;0.096973;0.366552
'Train_04';20.000000;0.076257;0.096973;0.366233
'Train_04';20.100000;0.070534;0.096973;0.366233
'Train_04';20.200000;0.069648;0.107109;0.366233
'Train_04';20.300000;0.069562;0.124256;0.366100
'Train_04';20.400000;0.069365;0.137261;0.366100
'Train_04';20.500000;0.069650;0.155932;0.366100
'Train_04';20.600000;0.070352;0.155932;0.366100
'Train_04';20.700000;0.069650;0.155932;0.361232
'Train_04';20.800000;0.069832;0.155932;0.344527
'Train_04';20.900000;0.069832;0.155932;0.330627
'Train_04';21.000000;0.072815;0.155932;0.328937
'Train_04';21.100000;0.074372;0.157004;0.328178
'Train_04';21.200000;0.074372;0.157004;0.328937
'Train_04';21.300000;0.074372;0.156008;0.321173
'Train_04';21.400000;0.074284;0.155932;0.310903
'Train_04';21.500000;0.074284;0.155932;0.304157
'Train_04';21.600000;0.067001;0.155932;0.307011
'Train_04';21.700000;0.067089;0.155932;0.306287
'Train_04';21.800000;0.067089;0.154904;0.296001
'Train_04';21.900000;0.067089;0.146791;0.298998
'Train_04';22.000000;0.067089;0.146791;0.302800
'Train_04';22.100000;0.067089;0.146050;0.286767
'Train_04';22.200000;0.067089;0.142475;0.264178
'Train_04';22.300000;0.067089;0.135915;0.249330
'Train_04';22.400000;0.067089;0.136100;0.248064
'Train_04';22.500000;0.067089;0.136100;0.245459
'Train_04';22.600000;0.067089;0.135915;0.238162
'Train_04';22.700000;0.067089;0.135915;0.222153
'Train_04';22.800000;0.067089;0.135915;0.212287
'Train_04';22.900000;0.066728;0.135915;0.202965
'Train_04';23.000000;0.066728;0.135915;0.195291
'Train_04';23.100000;0.064648;0.135915;0.186098
'Train_04';23.200000;0.067089;0.135915;0.180430
'Train_04';23.300000;0.067089;0.125780;0.146236
'Train_04';23.400000;0.067089;0.125780;0.125615
'Train_04';23.500000;0.067089;0.125780;0.112229
'Train_04';23.600000;0.067089;0.125607;0.097874
'Train_04';23.700000;0.070256;0.123964;0.093112
'Train_04';23.800000;0.070166;0.123964;0.063480
'Train_04';23.900000;0.069838;0.122951;0.044694
'Train_04';24.000000;0.060693;0.117123;0.044783
'Train_04';24.100000;0.059308;0.113145;0.044783
'Train_04';24.200000;0.056343;0.109091;0.019523
'Train_04';24.300000;0.046658;0.106624;0.009478
'Train_04';24.400000;0.047129;0.102652;0.008182
'Train_04';24.500000;0.033990;0.101184;0.007175
'Train_04';24.600000;0.033990;0.101184;0.007175
'Train_04';24.700000;0.033990;0.098586;0.007175
'Train_04';24.800000;0.030938;0.096483;0.007773
'Train_04';24.900000;0.030938;0.091428;0.007773
'Train_04';25.000000;0.034969;0.080078;0.007773
'Train_04';25.100000;0.039314;0.073112;0.007773
'Train_04';25.200000;0.039314;0.069117;0.007773
'Train_04';25.300000;0.036847;0.062973;0.007773
'Train_04';25.400000;0.034447;0.060253;0.007773
'Train_04';25.500000;0.032966;0.059140;0.007773
'Train_04';25.600000;0.032966;0.057500;0.007773
'Train_04';25.700000;0.032966;0.055613;0.007907
'Train_04';25.800000;0.029711;0.049545;0.007907
'Train_04';25.900000;0.029711;0.049545;0.007773
'Train_04';26.000000;0.029711;0.049545;0.007773
'Train_04';26.100000;0.029711;0.049545;0.007773
'Train_04';26.200000;0.029711;0.049545;0.023408
'Train_04';26.300000;0.029711;0.049545;0.023408
'Train_04';26.400000;0.029711;0.049549;0.023408
'Train_04';26.500000;0.029711;0.058020;0.023408
'Train_04';26.600000;0.029711;0.065595;0.023536
'Train_04';26.700000;0.021573;0.075851;0.023536
'Train_04';26.800000;0.018115;0.078362;0.023408
'Train_04';26.900000;0.018115;0.079767;0.023408
'Train_04';27.000000;0.018115;0.079767;0.024666
'Train_04';27.100000;0.018115;0.078362;0.009031
'Train_04';27.200000;0.018115;0.061676;0.007773
'Train_04';27.300000;0.018115;0.052758;0.007773
'Train_04';27.400000;0.018115;0.038298;0.007773
'Train_04';27.500000;0.018115;0.031902;0.007773
'Train_04';27.600000;0.018115;0.031902;0.007773
'Train_04';27.700000;0.018115;0.031902;0.007175
'Train_04';27.800000;0.018115;0.033806;0.007175
'Train_04';27.900000;0.018115;0.036789;0.007175
'Train_04';28.000000;0.018115;0.037424;0.007175
'Train_04';28.100000;0.018115;0.055109;0.007175
'Train_04';28.200000;0.018115;0.055109;0.007175
'Train_04';28.300000;0.018115;0.054172;0.007175
'Train_04';28.400000;0.018115;0.055924;0.007175
'Train_04';28.500000;0.018115;0.055924;0.007175
'Train_04';28.600000;0.018115;0.054172;0.007175
'Train_04';28.700000;0.018115;0.054172;0.007175
'Train_04';28.800000;0.018115;0.053293;0.007175
'Train_04';28.900000;0.018115;0.053293;0.007175
'Train_04';29.000000;0.018115;0.053293;0.007175
'Train_04';29.100000;0.018115;0.052356;0.007175
'Train_04';29.200000;0.018115;0.052356;0.007175
'Train_04';29.300000;0.021573;0.052356;0.007175
'Train_04';29.400000;0.028985;0.052356;0.007175
'Train_04';29.500000;0.032966;0.052356;0.007175
'Train_04';29.600000;0.037848;0.052356;0.007175
'Train_04';29.700000;0.040900;0.052356;0.007175
'Train_04';29.800000;0.040900;0.053293;0.007195
'Train_04';29.900000;0.040900;0.055432;0.007195
'Train_04';30.000000;0.040900;0.055432;0.007175
'Train_04';30.100000;0.040900;0.055432;0.007175
'Train_04';30.200000;0.040900;0.053558;0.007175
'Train_04';30.300000;0.040900;0.052620;0.007175
'Train_04';30.400000;0.040900;0.052620;0.007175
'Train_04';30.500000;0.040900;0.052620;0.007671
'Train_04';30.600000;0.040900;0.052620;0.007671
'Train_04';30.700000;0.045782;0.052937;0.007175
'Train_04';30.800000;0.045782;0.052937;0.007175
'Train_04';30.900000;0.045782;0.055162;0.007175
'Train_04';31.000000;0.046573;0.055162;0.007175
'Train_04';31.100000;0.049874;0.054509;0.007175
'Train_04';31.200000;0.050665;0.054199;0.007175
'Train_04';31.300000;0.050665;0.053288;0.007175
'Train_04';31.400000;0.050665;0.052620;0.007175
'Train_04';31.500000;0.050665;0.052620;0.007175
'Train_04';31.600000;0.050665;0.052620;0.007175
'Train_04';31.700000;0.050665;0.052620;0.007175
'Train_04';31.800000;0.050665;0.052539;0.007175
'Train_04';31.900000;0.050665;0.052539;0.007175
'Train_04';32.000000;0.050665;0.052620;0.007175
'Train_04';32.100000;0.050665;0.052620;0.007175
'Train_04';32.200000;0.046634;0.052620;0.007175
'Train_04';32.300000;0.046634;0.052620;0.007175
'Train_04';32.400000;0.046634;0.052620;0.007773
'Train_04';32.500000;0.042621;0.052620;0.007773
'Train_04';32.600000;0.038867;0.052620;0.007773
'Train_04';32.700000;0.036749;0.052620;0.007175
'Train_04';32.800000;0.036749;0.052301;0.007175
'Train_04';32.900000;0.036749;0.050746;0.007175
'Train_04';33.000000;0.042633;0.050746;0.007175
'Train_04';33.100000;0.046129;0.049905;0.003562
'Train_04';33.200000;0.041247;0.049835;0.003562
'Train_04';33.300000;0.037511;0.049835;0.003562
'Train_04';33.400000;0.034920;0.049835;0.003562
'Train_04';33.500000;0.033047;0.049341;0.003562
'Train_04';33.600000;0.033926;0.049341;0.003562
'Train_04';33.700000;0.034448;0.049341;0.003562
'Train_04';33.800000;0.033996;0.049341;0.003562
'Train_04';33.900000;0.033996;0.049341;0.003562
'Train_04';34.000000;0.033770;0.049341;0.004185
'Train_04';34.100000;0.033842;0.049341;0.003562
'Train_04';34.200000;0.033842;0.048942;0.003562
'Train_04';34.300000;0.033940;0.048942;0.003562
'Train_04';34.400000;0.033940;0.048462;0.003562
'Train_04';34.500000;0.034091;0.049318;0.003562
'Train_04';34.600000;0.033122;0.046311;0.003562
'Train_04';34.700000;0.034849;0.042131;0.003562
'Train_04';34.800000;0.034729;0.042131;0.003562
'Train_04';34.900000;0.034729;0.042131;0.003562
'Train_04';35.000000;0.035109;0.042131;0.004567
'Train_04';35.100000;0.035151;0.042131;0.004567
'Train_04';35.200000;0.035164;0.042131;0.003562
'Train_04';35.300000;0.035316;0.042131;0.003562
'Train_04';35.400000;0.035316;0.042131;0.003562
'Train_04';35.500000;0.035525;0.033591;0.003562
'Train_04';35.600000;0.037901;0.033591;0.003562
'Train_04';35.700000;0.039319;0.033591;0.004254
'Train_04';35.800000;0.040188;0.032425;0.004254
'Train_04';35.900000;0.040188;0.031717;0.003562
'Train_04';36.000000;0.040188;0.031717;0.003562
'Train_04';36.100000;0.040188;0.031717;0.003562
'Train_04';36.200000;0.035897;0.033445;0.003562
'Train_04';36.300000;0.035897;0.033591;0.003562
'Train_04';36.400000;0.037966;0.033591;0.004160
'Train_04';36.500000;0.045782;0.033788;0.004160
'Train_04';36.600000;0.046706;0.039624;0.004160
'Train_04';36.700000;0.046706;0.039624;0.004160
'Train_04';36.800000;0.047517;0.033079;0.004160
'Train_04';36.900000;0.047575;0.032654;0.004160
'Train_04';37.000000;0.047575;0.032654;0.004160
'Train_04';37.100000;0.057856;0.034382;0.004160
'Train_04';37.200000;0.070091;0.034470;0.004160
'Train_04';37.300000;0.081545;0.034470;0.004160
'Train_04';37.400000;0.081629;0.034470;0.004160
'Train_04';37.500000;0.082878;0.033646;0.004160
'Train_04';37.600000;0.084415;0.033646;0.004160
'Train_04';37.700000;0.087761;0.034470;0.003562
'Train_04';37.800000;0.090739;0.034470;0.003562
'Train_04';37.900000;0.104049;0.035876;0.007426
'Train_04';38.000000;0.104978;0.044251;0.007426
'Train_04';38.100000;0.104978;0.048312;0.007426
'Train_04';38.200000;0.104978;0.048410;0.007426
'Train_04';38.300000;0.104978;0.056585;0.010083
'Train_04';38.400000;0.106324;0.059128;0.016122
'Train_04';38.500000;0.104792;0.060065;0.019375
'Train_04';38.600000;0.099198;0.060065;0.019377
'Train_04';38.700000;0.099083;0.060065;0.019377
'Train_04';38.800000;0.092568;0.062498;0.019377
'Train_04';38.900000;0.092568;0.067035;0.019377
'Train_04';39.000000;0.102508;0.069810;0.021549
'Train_04';39.100000;0.111034;0.072600;0.022034
'Train_04';39.200000;0.111034;0.073537;0.021436
'Train_04';39.300000;0.111034;0.073537;0.021436
'Train_04';39.400000;0.111034;0.074007;0.021436
'Train_04';39.500000;0.111034;0.074415;0.021436
'Train_04';39.600000;0.108233;0.064079;0.027383
'Train_04';39.700000;0.108233;0.060290;0.038142
'Train_04';39.800000;0.108233;0.058664;0.038142
'Train_04';39.900000;0.108233;0.056789;0.038142
'Train_04';40.000000;0.108233;0.056766;0.038142
'Train_04';40.100000;0.108233;0.055245;0.046651
'Train_04';40.200000;0.108233;0.055245;0.049308
'Train_04';40.300000;0.108233;0.054943;0.049308
'Train_04';40.400000;0.108233;0.054943;0.049308
'Train_04';40.500000;0.108233;0.054943;0.049308
'Train_04';40.600000;0.111034;0.054915;0.049308
'Train_04';40.700000;0.111034;0.054915;0.049308
'Train_04';40.800000;0.111034;0.052052;0.049308
'Train_04';40.900000;0.111034;0.046167;0.049308
'Train_04';41.000000;0.111034;0.033860;0.051965
'Train_04';41.100000;0.111034;0.029766;0.051965
'Train_04';41.200000;0.111065;0.028441;0.054485
'Train_04';41.300000;0.111065;0.022360;0.054485
'Train_04';41.400000;0.111825;0.018306;0.052140
'Train_04';41.500000;0.111894;0.014580;0.055220
'Train_04';41.600000;0.111894;0.016346;0.057877
'Train_04';41.700000;0.111034;0.016569;0.060683
'Train_04';41.800000;0.111034;0.015929;0.063496
'Train_04';41.900000;0.108233;0.014576;0.063340
'Train_04';42.000000;0.108233;0.013565;0.069397
'Train_04';42.100000;0.108233;0.014598;0.069572
'Train_04';42.200000;0.108233;0.013793;0.072229
'Train_04';42.300000;0.108233;0.014671;0.070563
'Train_04';42.400000;0.108233;0.012183;0.070563
'Train_04';42.500000;0.108233;0.013061;0.073700
'Train_04';42.600000;0.108233;0.011505;0.073818
'Train_04';42.700000;0.111034;0.012430;0.073818
'Train_04';42.800000;0.111034;0.013350;0.074019
'Train_04';42.900000;0.111034;0.020588;0.074019
'Train_04';43.000000;0.112843;0.045550;0.070652
'Train_04';43.100000;0.111034;0.058571;0.066814
'Train_04';43.200000;0.112133;0.058681;0.063190
'Train_04';43.300000;0.111034;0.059964;0.058886
'Train_04';43.400000;0.111086;0.059964;0.058886
'Train_04';43.500000;0.111034;0.061238;0.058843
'Train_04';43.600000;0.133545;0.061238;0.058843
'Train_04';43.700000;0.133493;0.061405;0.058843
'Train_04';43.800000;0.136660;0.061405;0.058843
'Train_04';43.900000;0.136660;0.062878;0.058843
'Train_04';44.000000;0.137709;0.062885;0.054622
'Train_04';44.100000;0.137409;0.062878;0.054622
'Train_04';44.200000;0.137409;0.063836;0.054622
'Train_04';44.300000;0.137709;0.066845;0.057075
'Train_04';44.400000;0.137709;0.081926;0.057392
'Train_04';44.500000;0.137709;0.095068;0.053694
'Train_04';44.600000;0.137709;0.115010;0.051240
'Train_04';44.700000;0.137709;0.141296;0.047617
'Train_04';44.800000;0.137865;0.152111;0.047617
'Train_04';44.900000;0.140876;0.149915;0.037464
'Train_04';45.000000;0.140007;0.158888;0.037206
'Train_04';45.100000;0.140007;0.178325;0.037036
'Train_04';45.200000;0.140007;0.179935;0.036989
'Train_04';45.300000;0.140007;0.198329;0.037587
'Train_04';45.400000;0.140007;0.212061;0.037587
'Train_04';45.500000;0.140007;0.233878;0.037645
'Train_04';45.600000;0.140007;0.244413;0.037587
'Train_04';45.700000;0.140007;0.247397;0.037587
'Train_04';45.800000;0.145942;0.247066;0.027416
'Train_04';45.900000;0.146342;0.251258;0.026718
'Train_04';46.000000;0.146333;0.254940;0.028770
'Train_04';46.100000;0.146274;0.253602;0.026718
'Train_04';46.200000;0.146333;0.252893;0.026718
'Train_04';46.300000;0.146274;0.256814;0.026718
'Train_04';46.400000;0.146263;0.261573;0.026718
'Train_04';46.500000;0.142618;0.262231;0.026736
'Train_04';46.600000;0.142023;0.262428;0.026718
'Train_04';46.700000;0.139222;0.262475;0.026718
'Train_04';46.800000;0.134680;0.263514;0.026718
'Train_04';46.900000;0.134673;0.262310;0.026718
'Train_04';47.000000;0.134232;0.258819;0.026718
'Train_04';47.100000;0.134232;0.241260;0.026718
'Train_04';47.200000;0.134852;0.218831;0.026718
'Train_04';47.300000;0.135190;0.216033;0.026718
'Train_04';47.400000;0.135190;0.216033;0.026718
'Train_04';47.500000;0.134641;0.214871;0.026718
'Train_04';47.600000;0.134708;0.210312;0.026718
'Train_04';47.700000;0.134098;0.204782;0.026120
'Train_04';47.800000;0.133938;0.204679;0.026120
'Train_04';47.900000;0.133938;0.203296;0.026120
'Train_04';48.000000;0.134213;0.198950;0.026120
'Train_04';48.100000;0.134213;0.197047;0.026120
'Train_04';48.200000;0.133935;0.196983;0.026120
'Train_04';48.300000;0.129616;0.196046;0.026120
'Train_04';48.400000;0.129709;0.197949;0.026120
'Train_04';48.500000;0.130041;0.197883;0.026120
'Train_04';48.600000;0.130444;0.197580;0.026120
'Train_04';48.700000;0.130444;0.205353;0.026479
'Train_04';48.800000;0.130444;0.207773;0.026665
'Train_04';48.900000;0.130509;0.209424;0.026479
'Train_04';49.000000;0.130509;0.205982;0.026135
'Train_04';49.100000;0.129568;0.209343;0.026135
'Train_04';49.200000;0.125249;0.205582;0.026367
'Train_04';49.300000;0.125249;0.210956;0.026367
'Train_04';49.400000;0.125283;0.210956;0.026737
'Train_04';49.500000;0.125249;0.208840;0.026650
'Train_04';49.600000;0.125249;0.208736;0.026650
'Train_04';49.700000;0.125249;0.208736;0.017630
'Train_04';49.800000;0.125256;0.208447;0.014049
'Train_04';49.900000;0.125256;0.208511;0.014049
'Train_04';50.000000;0.125256;0.206492;0.014049
'Train_04';50.100000;0.125460;0.199652;0.014049
'Train_04';50.200000;0.125468;0.201039;0.014049
'Train_04';50.300000;0.106178;0.201095;0.014049
'Train_04';50.400000;0.099048;0.198616;0.014049
'Train_04';50.500000;0.089546;0.198804;0.014049
'Train_04';50.600000;0.089546;0.199182;0.014049
'Train_04';50.700000;0.089546;0.199914;0.014049
'Train_04';50.800000;0.099692;0.199914;0.014049
'Train_04';50.900000;0.103942;0.199182;0.014049
'Train_04';51.000000;0.103942;0.199182;0.023061
'Train_04';51.100000;0.103942;0.199540;0.026120
'Train_04';51.200000;0.103942;0.201076;0.026120
'Train_04';51.300000;0.104268;0.188998;0.026120
'Train_04';51.400000;0.104268;0.176007;0.026120
'Train_04';51.500000;0.103942;0.158791;0.026120
'Train_04';51.600000;0.103942;0.148365;0.026120
'Train_04';51.700000;0.103942;0.148234;0.026120
'Train_04';51.800000;0.103942;0.148540;0.026120
'Train_04';51.900000;0.100928;0.141447;0.026120
'Train_04';52.000000;0.100687;0.137066;0.026120
'Train_04';52.100000;0.095805;0.137066;0.026510
'Train_04';52.200000;0.095805;0.138695;0.026510
'Train_04';52.300000;0.094970;0.134330;0.026120
'Train_04';52.400000;0.094936;0.134912;0.026120
'Train_04';52.500000;0.090332;0.134912;0.026120
'Train_04';52.600000;0.085558;0.132946;0.026120
'Train_04';52.700000;0.071938;0.130847;0.026396
'Train_04';52.800000;0.071938;0.127907;0.026960
'Train_04';52.900000;0.070543;0.127907;0.026960
'Train_04';53.000000;0.069794;0.126970;0.026128
'Train_04';53.100000;0.069240;0.120491;0.026120
'Train_04';53.200000;0.069240;0.116232;0.022756
'Train_04';53.300000;0.069264;0.117043;0.017611
'Train_04';53.400000;0.069264;0.117043;0.014049
'Train_04';53.500000;0.069941;0.116994;0.014049
'Train_04';53.600000;0.075403;0.116733;0.008905
'Train_04';53.700000;0.084797;0.115227;0.004147
'Train_04';53.800000;0.101234;0.117462;0.004147
'Train_04';53.900000;0.106591;0.115515;0.004147
'Train_04';54.000000;0.106591;0.116525;0.003562
'Train_04';54.100000;0.107460;0.115515;0.003562
'Train_04';54.200000;0.107460;0.114300;0.003562
'Train_04';54.300000;0.111473;0.113343;0.003621
'Train_04';54.400000;0.108761;0.113363;0.000198
'Train_04';54.500000;0.107182;0.114016;0.000198
'Train_04';54.600000;0.104762;0.114016;0.000198
'Train_04';54.700000;0.102764;0.116279;0.000198
'Train_04';54.800000;0.099117;0.120795;0.007212
'Train_04';54.900000;0.093364;0.134852;0.012313
'Train_04';55.000000;0.093364;0.146330;0.015713
'Train_04';55.100000;0.097488;0.148772;0.015713
'Train_04';55.200000;0.110193;0.186335;0.032455
'Train_04';55.300000;0.121515;0.202429;0.042770
'Train_04';55.400000;0.121515;0.213339;0.043372
'Train_04';55.500000;0.124770;0.213339;0.043372
'Train_04';55.600000;0.140264;0.213339;0.043372
'Train_04';55.700000;0.142512;0.214276;0.046736
'Train_04';55.800000;0.142512;0.214276;0.046736
'Train_04';55.900000;0.142512;0.217920;0.046736
'Train_04';56.000000;0.142512;0.229213;0.046736
'Train_04';56.100000;0.142512;0.218319;0.046736
'Train_04';56.200000;0.142512;0.225078;0.046736
'Train_04';56.300000;0.142512;0.224230;0.046736
'Train_04';56.400000;0.142512;0.227139;0.046736
'Train_04';56.500000;0.142512;0.224792;0.046736
'Train_04';56.600000;0.142512;0.224792;0.046736
'Train_04';56.700000;0.142512;0.224792;0.046736
'Train_04';56.800000;0.142512;0.224792;0.046736
'Train_04';56.900000;0.142512;0.198449;0.055025
'Train_04';57.000000;0.142512;0.195732;0.063527
'Train_04';57.100000;0.142512;0.191326;0.064217
'Train_04';57.200000;0.142512;0.188893;0.068628
'Train_04';57.300000;0.142512;0.184333;0.068628
'Train_04';57.400000;0.142512;0.184333;0.069954
'Train_04';57.500000;0.137139;0.184583;0.068628
'Train_04';57.600000;0.124609;0.198918;0.068628
'Train_04';57.700000;0.120288;0.210684;0.068628
'Train_04';57.800000;0.120288;0.221361;0.068628
'Train_04';57.900000;0.120288;0.295638;0.065909
'Train_04';58.000000;0.140992;0.389409;0.055034
'Train_04';58.100000;0.185526;0.449027;0.065241
'Train_04';58.200000;0.197646;0.463647;0.064756
'Train_04';58.300000;0.205160;0.509042;0.056739
'Train_04';58.400000;0.209479;0.539618;0.056739
'Train_04';58.500000;0.212646;0.537004;0.048231
'Train_04';58.600000;0.212646;0.511815;0.033775
'Train_04';58.700000;0.212646;0.518838;0.030817
'Train_04';58.800000;0.241900;0.495671;0.030817
'Train_04';58.900000;0.237044;0.495765;0.030817
'Train_04';59.000000;0.237048;0.481360;0.030817
'Train_04';59.100000;0.240512;0.474151;0.030817
'Train_04';59.200000;0.239376;0.453714;0.030817
'Train_04';59.300000;0.222217;0.446875;0.030817
'Train_04';59.400000;0.210400;0.441875;0.030817
'Train_04';59.500000;0.183515;0.422291;0.011866
'Train_04';59.600000;0.177342;0.404068;0.003811
'Train_04';59.700000;0.152144;0.377470;0.003811
'Train_04';59.800000;0.145479;0.358552;0.003613
'Train_04';59.900000;0.142224;0.321643;0.003613
'Train_04';60.000000;0.142224;0.294868;0.003613
'Train_04';60.100000;0.142224;0.276660;0.003613
'Train_04';60.200000;0.137830;0.259988;0.003613
'Train_04';60.300000;0.136312;0.230653;0.003613
'Train_04';60.400000;0.136075;0.219322;0.003613
'Train_04';60.500000;0.136120;0.201219;0.003613
'Train_04';60.600000;0.136120;0.191772;0.003613
'Train_04';60.700000;0.136120;0.162724;0.003613
'Train_04';60.800000;0.136075;0.143928;0.003613
'Train_04';60.900000;0.131534;0.142859;0.003613
'Train_04';61.000000;0.130324;0.135748;0.003613
'Train_04';61.100000;0.130324;0.120024;0.003613
'Train_04';61.200000;0.130324;0.116738;0.003613
'Train_04';61.300000;0.128493;0.116738;0.003613
'Train_04';61.400000;0.125441;0.117807;0.003613
'Train_04';61.500000;0.120918;0.117807;0.003613
'Train_04';61.600000;0.116874;0.121015;0.003613
'Train_04';61.700000;0.115559;0.121015;0.003613
'Train_04';61.800000;0.113986;0.115631;0.003613
'Train_04';61.900000;0.104709;0.115631;0.003613
'Train_04';62.000000;0.097403;0.112423;0.003613
'Train_04';62.100000;0.091946;0.112423;0.003613
'Train_04';62.200000;0.086160;0.112423;0.003613
'Train_04';62.300000;0.083117;0.109034;0.003613
'Train_04';62.400000;0.075630;0.109034;0.000025
'Train_04';62.500000;0.069812;0.109034;0.000000
'Train_04';62.600000;0.063663;0.109034;0.000000
'Train_04';62.700000;0.062359;0.106935;0.000000
'Train_04';62.800000;0.062359;0.102907;0.000000
'Train_04';62.900000;0.065377;0.089035;0.000000
'Train_04';63.000000;0.072370;0.082002;0.000000
'Train_04';63.100000;0.074485;0.077948;0.000598
'Train_04';63.200000;0.075792;0.070738;0.001283
'Train_04';63.300000;0.076382;0.070738;0.002193
'Train_04';63.400000;0.076382;0.070738;0.002193
'Train_04';63.500000;0.075810;0.063078;0.002193
'Train_04';63.600000;0.073674;0.063078;0.002193
'Train_04';63.700000;0.073674;0.063078;0.002193
'Train_04';63.800000;0.073674;0.063078;0.002762
'Train_04';63.900000;0.073674;0.063078;0.002193
'Train_04';64.000000;0.073674;0.059027;0.002193
'Train_04';64.100000;0.073674;0.058770;0.002193
'Train_04';64.200000;0.073674;0.058770;0.002193
'Train_04';64.300000;0.081608;0.058770;0.002193
'Train_04';64.400000;0.081871;0.058770;0.002193
'Train_04';64.500000;0.082166;0.058770;0.002193
'Train_04';64.600000;0.086490;0.058770;0.002193
'Train_04';64.700000;0.083690;0.057892;0.002193
'Train_04';64.800000;0.080633;0.057892;0.002193
'Train_04';64.900000;0.076219;0.057892;0.002193
'Train_04';65.000000;0.079533;0.057836;0.002193
'Train_04';65.100000;0.080964;0.056955;0.002257
'Train_04';65.200000;0.080964;0.056955;0.003256
'Train_04';65.300000;0.080964;0.056955;0.003256
'Train_04';65.400000;0.080964;0.056955;0.003256
'Train_04';65.500000;0.080964;0.056808;0.003256
'Train_04';65.600000;0.080964;0.056808;0.002358
'Train_04';65.700000;0.080964;0.056955;0.002193
'Train_04';65.800000;0.080964;0.056955;0.002193
'Train_04';65.900000;0.080964;0.056017;0.002193
'Train_04';66.000000;0.080964;0.056017;0.002193
'Train_04';66.100000;0.080964;0.056017;0.002193
'Train_04';66.200000;0.081035;0.056955;0.002193
'Train_04';66.300000;0.081377;0.056955;0.002193
'Train_04';66.400000;0.061335;0.056955;0.002193
'Train_04';66.500000;0.061335;0.056248;0.002193
'Train_04';66.600000;0.061335;0.056017;0.002193
'Train_04';66.700000;0.061335;0.056017;0.005248
'Train_04';66.800000;0.061335;0.056017;0.008244
'Train_04';66.900000;0.061335;0.056017;0.008244
'Train_04';67.000000;0.061335;0.056017;0.008244
'Train_04';67.100000;0.061335;0.056017;0.012645
'Train_04';67.200000;0.061335;0.056017;0.012645
'Train_04';67.300000;0.061335;0.056017;0.015579
'Train_04';67.400000;0.061335;0.056017;0.015579
'Train_04';67.500000;0.061335;0.056017;0.015579
'Train_04';67.600000;0.061335;0.056017;0.015579
'Train_04';67.700000;0.061335;0.056017;0.015579
'Train_04';67.800000;0.061335;0.056017;0.015579
'Train_04';67.900000;0.064590;0.056017;0.015579
'Train_04';68.000000;0.064590;0.056017;0.014848
'Train_04';68.100000;0.064590;0.056017;0.014848
'Train_04';68.200000;0.064590;0.056017;0.015579
'Train_04';68.300000;0.064590;0.056017;0.015579
'Train_04';68.400000;0.064590;0.056017;0.020549
'Train_04';68.500000;0.064590;0.056017;0.021043
'Train_04';68.600000;0.056453;0.056017;0.021043
'Train_04';68.700000;0.051734;0.056017;0.021043
'Train_04';68.800000;0.048519;0.056017;0.018595
'Train_04';68.900000;0.048519;0.056955;0.017207
'Train_04';69.000000;0.048519;0.056955;0.014242
'Train_04';69.100000;0.048519;0.056955;0.016992
'Train_04';69.200000;0.048519;0.056955;0.016992
'Train_04';69.300000;0.048519;0.056955;0.014024
'Train_04';69.400000;0.048519;0.056017;0.014024
'Train_04';69.500000;0.047704;0.056017;0.014024
'Train_04';69.600000;0.047704;0.054143;0.014024
'Train_04';69.700000;0.048519;0.054143;0.014024
'Train_04';69.800000;0.048519;0.054143;0.016992
'Train_04';69.900000;0.048519;0.054143;0.016992
'Train_04';70.000000;0.048519;0.054143;0.016992
'Train_04';70.100000;0.048519;0.054750;0.016992
'Train_04';70.200000;0.048519;0.054750;0.018055
'Train_04';70.300000;0.048519;0.054143;0.018055
'Train_04';70.400000;0.048519;0.054143;0.016992
'Train_04';70.500000;0.048519;0.054143;0.016992
'Train_04';70.600000;0.048519;0.054143;0.016992
'Train_04';70.700000;0.048519;0.054143;0.016992
'Train_04';70.800000;0.048519;0.054143;0.016992
'Train_04';70.900000;0.048519;0.054143;0.016992
'Train_04';71.000000;0.047739;0.055080;0.016992
'Train_04';71.100000;0.047739;0.055080;0.014242
'Train_04';71.200000;0.048519;0.055080;0.014242
'Train_04';71.300000;0.048519;0.053206;0.009841
'Train_04';71.400000;0.048519;0.053206;0.006907
'Train_04';71.500000;0.048519;0.053206;0.006907
'Train_04';71.600000;0.048289;0.054143;-0.003643
'Train_04';71.700000;0.047704;0.054143;-0.005738
'Train_04';71.800000;0.047704;0.054143;-0.005738
'Train_04';71.900000;0.047704;0.054143;-0.005738
'Train_04';72.000000;0.047704;0.054143;-0.005738
'Train_04';72.100000;0.047704;0.054143;-0.005738
'Train_04';72.200000;0.047704;0.054143;-0.005738
'Train_04';72.300000;0.047704;0.054143;-0.005738
'Train_04';72.400000;0.047704;0.054143;-0.005738
'Train_04';72.500000;0.047704;0.054143;-0.005738
'Train_04';72.600000;0.050541;0.054143;-0.005738
'Train_04';72.700000;0.051557;0.054143;-0.005738
'Train_04';72.800000;0.057963;0.054143;-0.005738
'Train_04';72.900000;0.061345;0.054143;-0.005738
'Train_04';73.000000;0.061989;0.054143;-0.005738
'Train_04';73.100000;0.061989;0.054143;-0.005738
'Train_04';73.200000;0.061989;0.054143;-0.005738
'Train_04';73.300000;0.061989;0.054143;-0.005738
'Train_04';73.400000;0.061989;0.055054;-0.005738
'Train_04';73.500000;0.061989;0.054143;-0.005738
'Train_04';73.600000;0.061989;0.054137;-0.005738
'Train_04';73.700000;0.061989;0.053529;-0.005738
'Train_04';73.800000;0.061989;0.051384;-0.005738
'Train_04';73.900000;0.061989;0.044494;-0.005738
'Train_04';74.000000;0.061989;0.039751;-0.005738
'Train_04';74.100000;0.061989;0.038856;-0.005738
'Train_04';74.200000;0.061989;0.037450;-0.005738
'Train_04';74.300000;0.061989;0.037450;-0.005738
'Train_04';74.400000;0.061989;0.037450;-0.005738
'Train_04';74.500000;0.061989;0.037450;-0.005738
'Train_04';74.600000;0.061989;0.037450;-0.005738
'Train_04';74.700000;0.061989;0.036520;-0.005738
'Train_04';74.800000;0.060031;0.036513;-0.008707
'Train_04';74.900000;0.057694;0.033966;-0.008707
'Train_04';75.000000;0.056879;0.033702;-0.008707
'Train_04';75.100000;0.056879;0.033702;-0.008707
'Train_04';75.200000;0.056879;0.032765;-0.008534
'Train_04';75.300000;0.057694;0.031886;-0.008109
'Train_04';75.400000;0.057694;0.031886;-0.008109
'Train_04';75.500000;0.057694;0.031886;-0.008109
'Train_04';75.600000;0.057694;0.031929;-0.008109
'Train_04';75.700000;0.057694;0.032765;-0.008109
'Train_04';75.800000;0.057694;0.032997;-0.008109
'Train_04';75.900000;0.057694;0.034639;-0.008109
'Train_04';76.000000;0.057694;0.036513;-0.008109
'Train_04';76.100000;0.057694;0.036513;-0.008109
'Train_04';76.200000;0.057694;0.036513;-0.008109
'Train_04';76.300000;0.057694;0.036513;-0.008109
'Train_04';76.400000;0.057694;0.036513;-0.008109
'Train_04';76.500000;0.057694;0.037450;-0.008109
'Train_04';76.600000;0.057694;0.037450;-0.008707
'Train_04';76.700000;0.057694;0.037450;-0.008707
'Train_04';76.800000;0.057694;0.037450;-0.008707
'Train_04';76.900000;0.057694;0.036422;-0.008707
'Train_04';77.000000;0.057694;0.035513;-0.008707
'Train_04';77.100000;0.057694;0.033029;-0.008707
'Train_04';77.200000;0.057694;0.032765;-0.008707
'Train_04';77.300000;0.057694;0.031886;-0.008707
'Train_04';77.400000;0.057694;0.031886;-0.008707
'Train_04';77.500000;0.057694;0.031886;-0.008707
'Train_04';77.600000;0.057694;0.031886;-0.008707
'Train_04';77.700000;0.057694;0.031886;-0.008707
'Train_04';77.800000;0.057694;0.036073;-0.008707
'Train_04';77.900000;0.057694;0.039494;-0.008707
'Train_04';78.000000;0.061989;0.048432;-0.008707
'Train_04';78.100000;0.061174;0.051162;-0.008109
'Train_04';78.200000;0.061174;0.055527;-0.008109
'Train_04';78.300000;0.061174;0.055527;-0.008109
'Train_04';78.400000;0.060801;0.055527;-0.008109
'Train_04';78.500000;0.053037;0.055527;-0.008109
'Train_04';78.600000;0.053037;0.055527;-0.008109
'Train_04';78.700000;0.045714;0.055527;-0.008109
'Train_04';78.800000;0.037960;0.055527;-0.008109
'Train_04';78.900000;0.034944;0.056464;-0.008109
'Train_04';79.000000;0.027757;0.056672;-0.008109
'Train_04';79.100000;0.020032;0.056672;-0.008109
'Train_04';79.200000;0.020032;0.056464;-0.008109
'Train_04';79.300000;0.020032;0.055527;-0.008109
'Train_04';79.400000;0.020032;0.055527;-0.008109
'Train_04';79.500000;0.020032;0.055527;-0.008109
'Train_04';79.600000;0.020032;0.054590;-0.008109
'Train_04';79.700000;0.020032;0.053653;-0.008109
'Train_04';79.800000;0.020032;0.053653;-0.008109
'Train_04';79.900000;0.022813;0.052339;-0.008109
'Train_04';80.000000;0.022248;0.049121;-0.008109
'Train_04';80.100000;0.022206;0.047421;-0.008109
'Train_04';80.200000;0.022206;0.046483;-0.008109
'Train_04';80.300000;0.023243;0.053945;-0.008109
'Train_04';80.400000;0.023243;0.061155;-0.008707
'Train_04';80.500000;0.022422;0.061354;-0.008707
'Train_04';80.600000;0.022206;0.065774;-0.008707
'Train_04';80.700000;0.022206;0.065155;-0.008707
'Train_04';80.800000;0.022206;0.065155;-0.008165
'Train_04';80.900000;0.022206;0.064218;-0.008109
'Train_04';81.000000;0.022206;0.064218;-0.008109
'Train_04';81.100000;0.022206;0.064218;-0.008109
'Train_04';81.200000;0.022206;0.064218;-0.008109
'Train_04';81.300000;0.022206;0.064218;-0.008707
'Train_04';81.400000;0.022766;0.064218;-0.008707
'Train_04';81.500000;0.022206;0.064920;-0.008707
'Train_04';81.600000;0.022206;0.065155;-0.008707
'Train_04';81.700000;0.022206;0.065155;-0.008707
'Train_04';81.800000;0.022206;0.065155;-0.008707
'Train_04';81.900000;0.022206;0.061354;-0.008707
'Train_04';82.000000;0.022206;0.061354;-0.008707
'Train_04';82.100000;0.023891;0.060681;-0.008707
'Train_04';82.200000;0.026751;0.060417;-0.008707
'Train_04';82.300000;0.029676;0.060385;-0.008707
'Train_04';82.400000;0.041441;0.071289;-0.008707
'Train_04';82.500000;0.041441;0.080675;-0.008707
'Train_04';82.600000;0.052086;0.096760;-0.008707
'Train_04';82.700000;0.058850;0.096953;-0.008707
'Train_04';82.800000;0.056080;0.116970;-0.008707
'Train_04';82.900000;0.053939;0.123051;-0.008707
'Train_04';83.000000;0.051008;0.122114;-0.008707
'Train_04';83.100000;0.057251;0.122114;-0.008707
'Train_04';83.200000;0.052502;0.122114;-0.008707
'Train_04';83.300000;0.045713;0.122114;-0.008707
'Train_04';83.400000;0.050347;0.120240;-0.008707
'Train_04';83.500000;0.049420;0.120240;-0.008707
'Train_04';83.600000;0.051284;0.120240;-0.007244
'Train_04';83.700000;0.051284;0.120240;-0.006404
'Train_04';83.800000;0.050620;0.120240;-0.000652
'Train_04';83.900000;0.050620;0.118098;-0.000652
'Train_04';84.000000;0.061983;0.112391;-0.000652
'Train_04';84.100000;0.082641;0.112391;-0.000652
'Train_04';84.200000;0.091100;0.098951;-0.000652
'Train_04';84.300000;0.092270;0.097835;-0.000652
'Train_04';84.400000;0.093051;0.097835;-0.000652
'Train_04';84.500000;0.093920;0.097835;-0.000652
'Train_04';84.600000;0.093772;0.096898;-0.000652
'Train_04';84.700000;0.089601;0.097835;-0.000652
'Train_04';84.800000;0.089601;0.097835;-0.000652
'Train_04';84.900000;0.089601;0.126675;-0.000652
'Train_04';85.000000;0.087809;0.144249;-0.000652
'Train_04';85.100000;0.087496;0.154170;-0.000652
'Train_04';85.200000;0.086560;0.154207;-0.000652
'Train_04';85.300000;0.086560;0.163304;-0.000652
'Train_04';85.400000;0.092024;0.164056;-0.000652
'Train_04';85.500000;0.089785;0.164056;-0.002698
'Train_04';85.600000;0.087285;0.164056;-0.002712
'Train_04';85.700000;0.087058;0.164056;-0.002712
'Train_04';85.800000;0.085449;0.168443;-0.002712
'Train_04';85.900000;0.087382;0.178612;-0.001649
'Train_04';86.000000;0.090000;0.188537;-0.001649
'Train_04';86.100000;0.096674;0.198905;-0.001649
'Train_04';86.200000;0.099841;0.197954;-0.006432
'Train_04';86.300000;0.144982;0.194454;-0.009090
'Train_04';86.400000;0.144982;0.183518;-0.009090
'Train_04';86.500000;0.126043;0.181736;-0.007265
'Train_04';86.600000;0.113662;0.174977;-0.004300
'Train_04';86.700000;0.113662;0.174977;0.001993
'Train_04';86.800000;0.113662;0.156952;0.012567
'Train_04';86.900000;0.113662;0.152647;0.013840
'Train_04';87.000000;0.119479;0.152437;0.013783
'Train_04';87.100000;0.134949;0.152179;0.006142
'Train_04';87.200000;0.143500;0.146771;0.003155
'Train_04';87.300000;0.146193;0.141364;0.003213
'Train_04';87.400000;0.147083;0.141364;-0.000411
'Train_04';87.500000;0.149953;0.141364;-0.002453
'Train_04';87.600000;0.149324;0.136008;-0.021486
'Train_04';87.700000;0.123607;0.123790;-0.027735
'Train_04';87.800000;0.117361;0.116593;-0.026748
'Train_04';87.900000;0.096891;0.110630;-0.026738
'Train_04';88.000000;0.085741;0.089255;-0.026738
'Train_04';88.100000;0.084727;0.083891;-0.015673
'Train_04';88.200000;0.082728;0.083891;-0.001746
'Train_04';88.300000;0.078872;0.105633;0.006802
'Train_04';88.400000;0.080858;0.105633;0.010167
'Train_04';88.500000;0.078363;0.116748;0.011616
'Train_04';88.600000;0.076948;0.116748;0.011616
'Train_04';88.700000;0.075645;0.116748;0.011616
'Train_04';88.800000;0.075645;0.116748;0.011616
'Train_04';88.900000;0.075645;0.116748;0.011616
'Train_04';89.000000;0.075645;0.126448;0.011616
'Train_04';89.100000;0.075645;0.161175;0.011616
'Train_04';89.200000;0.075645;0.192703;0.011616
'Train_04';89.300000;0.075645;0.204972;0.011616
'Train_04';89.400000;0.075645;0.204972;0.011616
'Train_04';89.500000;0.075645;0.202279;0.011616
'Train_04';89.600000;0.075645;0.201399;0.011616
'Train_04';89.700000;0.071326;0.201332;0.011616
'Train_04';89.800000;0.071326;0.197181;0.011616
'Train_04';89.900000;0.071326;0.195835;0.011616
'Train_04';90.000000;0.071326;0.195835;0.011616
'Train_04';90.100000;0.071326;0.192885;0.011616
'Train_04';90.200000;0.071326;0.145640;0.011616
'Train_04';90.300000;0.071326;0.123766;0.011616
'Train_04';90.400000;0.071326;0.118741;0.011616
'Train_04';90.500000;0.071326;0.113435;0.011616
'Train_04';90.600000;0.071326;0.109030;0.011616
'Train_04';90.700000;0.071326;0.125275;0.011616
'Train_04';90.800000;0.071326;0.142551;0.011616
'Train_04';90.900000;0.071326;0.146852;0.011616
'Train_04';91.000000;0.071326;0.147177;0.011616
'Train_04';91.100000;0.071326;0.147107;0.011616
'Train_04';91.200000;0.071326;0.146150;0.011616
'Train_04';91.300000;0.071326;0.156028;0.011616
'Train_04';91.400000;0.074493;0.178799;0.011616
'Train_04';91.500000;0.077660;0.182183;0.011616
'Train_04';91.600000;0.085718;0.182053;0.011616
'Train_04';91.700000;0.089460;0.182053;0.011616
'Train_04';91.800000;0.089460;0.182404;0.011616
'Train_04';91.900000;0.089460;0.181870;0.011616
'Train_04';92.000000;0.089485;0.181870;0.011616
'Train_04';92.100000;0.096581;0.181059;0.011616
'Train_04';92.200000;0.096664;0.163132;0.011616
'Train_04';92.300000;0.096664;0.136484;0.011616
'Train_04';92.400000;0.099831;0.130001;0.011616
'Train_04';92.500000;0.099831;0.129963;0.011616
'Train_04';92.600000;0.099831;0.129963;0.011616
'Train_04';92.700000;0.099831;0.129963;0.011616
'Train_04';92.800000;0.098962;0.129963;0.011616
'Train_04';92.900000;0.098962;0.129963;0.011616
'Train_04';93.000000;0.094643;0.129963;0.011616
'Train_04';93.100000;0.094643;0.129963;0.011616
'Train_04';93.200000;0.094643;0.130810;0.011616
'Train_04';93.300000;0.073624;0.130810;0.011616
'Train_04';93.400000;0.073624;0.129963;0.006397
'Train_04';93.500000;0.073624;0.129784;0.003581
'Train_04';93.600000;0.069305;0.129784;0.003562
'Train_04';93.700000;0.065274;0.128323;0.003562
'Train_04';93.800000;0.065274;0.128088;0.003562
'Train_04';93.900000;0.056636;0.127620;0.003562
'Train_04';94.000000;0.056636;0.126273;0.003562
'Train_04';94.100000;0.056636;0.125335;0.003562
'Train_04';94.200000;0.048286;0.123461;0.003562
'Train_04';94.300000;0.044255;0.123461;0.003562
'Train_04';94.400000;0.044255;0.123461;0.003562
'Train_04';94.500000;0.041664;0.104511;0.003562
'Train_04';94.600000;0.041664;0.092210;0.003562
'Train_04';94.700000;0.042533;0.085932;0.003562
'Train_04';94.800000;0.042533;0.081206;0.003562
'Train_04';94.900000;0.042533;0.073118;0.003562
'Train_04';95.000000;0.041970;0.064520;0.003562
'Train_04';95.100000;0.041664;0.064520;0.003562
'Train_04';95.200000;0.041664;0.059152;0.003562
'Train_04';95.300000;0.041664;0.059152;0.003562
'Train_04';95.400000;0.041664;0.060409;0.003562
'Train_04';95.500000;0.041664;0.064982;0.003562
'Train_04';95.600000;0.041664;0.061346;0.003562
'Train_04';95.700000;0.041664;0.065403;0.003562
'Train_04';95.800000;0.041664;0.061371;0.003562
'Train_04';95.900000;0.041664;0.061371;0.003562
'Train_04';96.000000;0.041664;0.060434;0.003562
'Train_04';96.100000;0.041664;0.061477;0.003562
'Train_04';96.200000;0.041664;0.061480;0.003562
'Train_04';96.300000;0.041664;0.061480;0.008880
'Train_04';96.400000;0.041664;0.061480;0.020323
'Train_04';96.500000;0.041664;0.063000;0.043567
'Train_04';96.600000;0.041664;0.058439;0.066137
'Train_04';96.700000;0.041664;0.062662;0.083699
'Train_04';96.800000;0.041664;0.060167;0.091035
'Train_04';96.900000;0.041664;0.061961;0.101587
'Train_04';97.000000;0.046146;0.061961;0.104521
'Train_04';97.100000;0.053616;0.062949;0.104521
'Train_04';97.200000;0.056354;0.062949;0.118124
'Train_04';97.300000;0.056354;0.063173;0.118124
'Train_04';97.400000;0.053616;0.057896;0.121312
'Train_04';97.500000;0.053616;0.060508;0.129366
'Train_04';97.600000;0.055430;0.060508;0.129366
'Train_04';97.700000;0.055430;0.060508;0.136947
'Train_04';97.800000;0.054485;0.061331;0.136947
'Train_04';97.900000;0.051497;0.060472;0.136947
'Train_04';98.000000;0.046146;0.061409;0.136947
'Train_04';98.100000;0.046146;0.061409;0.136947
'Train_04';98.200000;0.046146;0.061783;0.136947
'Train_04';98.300000;0.042499;0.062806;0.136947
'Train_04';98.400000;0.042499;0.062806;0.136947
'Train_04';98.500000;0.043555;0.064133;0.136947
'Train_04';98.600000;0.043555;0.059733;0.136947
'Train_04';98.700000;0.041664;0.063549;0.136947
'Train_04';98.800000;0.041664;0.060670;0.136947
'Train_04';98.900000;0.041664;0.060580;0.136947
'Train_04';99.000000;0.041664;0.060580;0.136947
'Train_04';99.100000;0.041664;0.062098;0.136947
'Train_04';99.200000;0.041664;0.062098;0.136947
'Train_04';99.300000;0.041664;0.061290;0.136947
'Train_04';99.400000;0.041664;0.061290;0.136947
'Train_04';99.500000;0.042533;0.061480;0.136947
'Train_04';99.600000;0.042533;0.061480;0.136947
'Train_04';99.700000;0.035099;0.060154;0.136947
'Train_04';99.800000;0.031392;0.059212;0.136947
'Train_04';99.900000;0.031392;0.058134;0.136947
'Train_04';100.000000;0.031392;0.057502;0.136947
'Train_04';100.100000;0.031392;0.057502;0.136947
'Train_04';100.200000;0.031392;0.058439;0.129612
'Train_04';100.300000;0.031392;0.058439;0.129612
'Train_04';100.400000;0.031392;0.058755;0.129612
'Train_04';100.500000;0.031392;0.058755;0.129612
'Train_04';100.600000;0.031392;0.058755;0.129612
'Train_04';100.700000;0.031392;0.058439;0.129612
'Train_04';100.800000;0.034380;0.059754;0.121724
'Train_04';100.900000;0.035572;0.059537;0.104319
'Train_04';101.000000;0.037742;0.060300;0.077498
'Train_04';101.100000;0.037742;0.061269;0.074139
'Train_04';101.200000;0.037742;0.052595;0.063250
'Train_04';101.300000;0.038044;0.052358;0.049107
'Train_04';101.400000;0.038044;0.052358;0.038449
'Train_04';101.500000;0.038766;0.051421;0.026409
'Train_04';101.600000;0.036787;0.051421;0.023235
'Train_04';101.700000;0.036873;0.052358;0.019197
'Train_04';101.800000;0.036873;0.052358;0.019197
'Train_04';101.900000;0.038192;0.052358;0.019197
'Train_04';102.000000;0.038344;0.050952;0.019197
'Train_04';102.100000;0.038192;0.050952;0.019197
'Train_04';102.200000;0.037924;0.051421;0.019197
'Train_04';102.300000;0.037021;0.051421;0.019197
'Train_04';102.400000;0.036732;0.051937;0.019197
'Train_04';102.500000;0.036732;0.063583;0.019197
'Train_04';102.600000;0.037601;0.063583;0.019197
'Train_04';102.700000;0.039118;0.067637;0.019197
'Train_04';102.800000;0.037519;0.070678;0.019197
'Train_04';102.900000;0.036123;0.077519;0.019197
'Train_04';103.000000;0.036123;0.077519;0.019197
'Train_04';103.100000;0.038336;0.077519;0.019197
'Train_04';103.200000;0.038336;0.078456;0.019197
'Train_04';103.300000;0.037263;0.078456;0.019197
'Train_04';103.400000;0.037263;0.078456;0.019197
'Train_04';103.500000;0.036605;0.078456;0.019197
'Train_04';103.600000;0.035313;0.078456;0.019197
'Train_04';103.700000;0.035210;0.078456;0.019197
'Train_04';103.800000;0.049204;0.086117;0.019197
'Train_04';103.900000;0.051478;0.086117;0.019197
'Train_04';104.000000;0.051478;0.093274;0.019197
'Train_04';104.100000;0.054247;0.092389;0.019197
'Train_04';104.200000;0.061826;0.092389;0.019197
'Train_04';104.300000;0.065108;0.092389;0.019197
'Train_04';104.400000;0.065742;0.092389;0.019197
'Train_04';104.500000;0.071849;0.092675;0.019197
'Train_04';104.600000;0.071849;0.101557;0.019197
'Train_04';104.700000;0.072185;0.112957;0.019197
'Train_04';104.800000;0.071736;0.114131;0.019197
'Train_04';104.900000;0.078953;0.114131;0.019197
'Train_04';105.000000;0.081979;0.114595;0.019197
'Train_04';105.100000;0.083874;0.116849;0.019197
'Train_04';105.200000;0.084585;0.115786;0.019197
'Train_04';105.300000;0.084929;0.117311;0.019197
'Train_04';105.400000;0.083604;0.121652;0.019197
'Train_04';105.500000;0.083604;0.128107;0.019197
'Train_04';105.600000;0.087775;0.163432;0.019197
'Train_04';105.700000;0.094752;0.177696;0.019197
'Train_04';105.800000;0.096445;0.177696;0.019197
'Train_04';105.900000;0.097314;0.173642;0.019197
'Train_04';106.000000;0.100876;0.162093;0.019197
'Train_04';106.100000;0.118618;0.151886;0.019197
'Train_04';106.200000;0.127750;0.151886;0.019197
'Train_04';106.300000;0.124722;0.151886;0.019197
'Train_04';106.400000;0.119478;0.151886;0.019197
'Train_04';106.500000;0.116298;0.144109;0.019197
'Train_04';106.600000;0.114095;0.141501;0.008838
'Train_04';106.700000;0.113734;0.135481;0.008838
'Train_04';106.800000;0.114095;0.131575;0.009777
'Train_04';106.900000;0.113169;0.130638;0.009777
'Train_04';107.000000;0.110932;0.126078;0.009777
'Train_04';107.100000;0.103215;0.121411;0.009777
'Train_04';107.200000;0.096620;0.131772;0.009777
'Train_04';107.300000;0.095956;0.134584;0.009777
'Train_04';107.400000;0.095956;0.139478;0.009777
'Train_04';107.500000;0.097311;0.139478;0.009777
'Train_04';107.600000;0.114926;0.130722;0.009777
'Train_04';107.700000;0.121344;0.115741;0.009777
'Train_04';107.800000;0.123866;0.116743;0.023466
'Train_04';107.900000;0.128873;0.111565;0.035694
'Train_04';108.000000;0.137139;0.115896;0.038037
'Train_04';108.100000;0.139657;0.115896;0.040913
'Train_04';108.200000;0.136365;0.114959;0.051217
'Train_04';108.300000;0.136200;0.107738;0.059001
'Train_04';108.400000;0.135496;0.107279;0.067264
'Train_04';108.500000;0.130831;0.106709;0.080054
'Train_04';108.600000;0.130187;0.107158;0.080652
'Train_04';108.700000;0.128677;0.103782;0.017707
'Train_04';108.800000;0.128407;0.102286;0.017707
'Train_04';108.900000;0.125419;0.101882;0.019795
'Train_04';109.000000;0.125080;0.101648;0.032632
'Train_04';109.100000;0.122687;0.102444;0.035978
'Train_04';109.200000;0.121196;0.108591;0.038635
'Train_04';109.300000;0.121196;0.108591;0.041292
'Train_04';109.400000;0.121340;0.108591;0.041292
'Train_04';109.500000;0.121340;0.108591;0.043949
'Train_04';109.600000;0.116647;0.109636;0.043892
'Train_04';109.700000;0.116647;0.109636;0.043351
'Train_04';109.800000;0.113960;0.110111;0.039728
'Train_04';109.900000;0.113960;0.115163;0.039728
'Train_04';110.000000;0.113659;0.131853;0.039728
'Train_04';110.100000;0.115526;0.144831;0.039728
'Train_04';110.200000;0.128671;0.144374;0.039728
'Train_04';110.300000;0.132063;0.135686;0.039728
'Train_04';110.400000;0.132051;0.134861;0.040255
'Train_04';110.500000;0.132374;0.132262;0.042385
'Train_04';110.600000;0.131206;0.132787;0.042385
'Train_04';110.700000;0.130724;0.151235;0.042385
'Train_04';110.800000;0.129933;0.154627;0.042385
'Train_04';110.900000;0.129933;0.158951;0.042385
'Train_04';111.000000;0.129933;0.161192;0.039003
'Train_04';111.100000;0.129933;0.161321;0.035380
'Train_04';111.200000;0.129064;0.165221;0.035380
'Train_04';111.300000;0.129064;0.161117;0.035380
'Train_04';111.400000;0.129064;0.160763;0.034379
'Train_04';111.500000;0.129933;0.160971;0.019439
'Train_04';111.600000;0.129933;0.167162;0.019197
'Train_04';111.700000;0.129933;0.167228;0.015815
'Train_04';111.800000;0.129933;0.167452;0.015815
'Train_04';111.900000;0.129933;0.167452;0.015815
'Train_04';112.000000;0.129933;0.167452;0.015815
'Train_04';112.100000;0.129933;0.168398;0.019197
'Train_04';112.200000;0.129933;0.167197;0.019197
'Train_04';112.300000;0.129933;0.168398;0.019197
'Train_04';112.400000;0.129933;0.152258;0.019197
'Train_04';112.500000;0.129933;0.143514;0.019197
'Train_04';112.600000;0.129933;0.139341;0.019197
'Train_04';112.700000;0.119475;0.137856;0.019197
'Train_04';112.800000;0.112191;0.138226;0.019197
'Train_04';112.900000;0.112191;0.131548;0.019197
'Train_04';113.000000;0.107709;0.133730;0.019197
'Train_04';113.100000;0.107709;0.150601;0.019197
'Train_04';113.200000;0.100239;0.148922;0.019197
'Train_04';113.300000;0.100239;0.151407;0.019197
'Train_04';113.400000;0.099826;0.145473;0.019197
'Train_04';113.500000;0.096051;0.133453;0.003562
'Train_04';113.600000;0.091050;0.134512;0.003562
'Train_04';113.700000;0.084568;0.135515;0.003562
'Train_04';113.800000;0.084568;0.136253;0.003562
'Train_04';113.900000;0.084568;0.135391;0.003562
'Train_04';114.000000;0.084568;0.133681;0.003562
'Train_04';114.100000;0.080545;0.133681;0.003562
'Train_04';114.200000;0.080439;0.131135;0.003562
'Train_04';114.300000;0.080230;0.131135;0.003562
'Train_04';114.400000;0.078195;0.132144;0.003562
'Train_04';114.500000;0.079591;0.127629;0.003562
'Train_04';114.600000;0.079548;0.109495;0.003562
'Train_04';114.700000;0.079548;0.099553;0.003562
'Train_04';114.800000;0.079548;0.084756;0.003562
'Train_04';114.900000;0.079548;0.077418;0.003562
'Train_04';115.000000;0.079548;0.058398;0.003562
'Train_04';115.100000;0.077955;0.045366;0.003562
'Train_04';115.200000;0.076303;0.044537;0.003562
'Train_04';115.300000;0.070912;0.042663;0.003562
'Train_04';115.400000;0.066340;0.038343;0.003562
'Train_04';115.500000;0.064449;0.036162;0.003562
'Train_04';115.600000;0.063145;0.035032;0.003562
'Train_04';115.700000;0.061898;0.035032;0.003562
'Train_04';115.800000;0.061842;0.034756;0.003562
'Train_04';115.900000;0.061842;0.035281;0.003562
'Train_04';116.000000;0.061842;0.035281;0.003562
'Train_04';116.100000;0.059864;0.036432;0.003562
'Train_04';116.200000;0.058790;0.037289;0.003562
'Train_04';116.300000;0.058790;0.037354;0.003562
'Train_04';116.400000;0.058790;0.034839;0.003562
'Train_04';116.500000;0.058790;0.034820;0.003562
'Train_04';116.600000;0.058790;0.034761;0.003562
'Train_04';116.700000;0.058790;0.034756;0.003562
'Train_04';116.800000;0.058790;0.034093;0.003562
'Train_04';116.900000;0.058790;0.030158;0.003562
'Train_04';117.000000;0.058790;0.028665;0.003562
'Train_04';117.100000;0.050702;0.028665;0.003562
'Train_04';117.200000;0.050702;0.028665;0.003562
'Train_04';117.300000;0.040064;0.028665;0.003562
'Train_04';117.400000;0.037002;0.028665;0.003562
'Train_04';117.500000;0.036255;0.028665;0.003562
'Train_04';117.600000;0.036255;0.028665;0.003562
'Train_04';117.700000;0.035149;0.028665;0.003562
'Train_04';117.800000;0.032168;0.028665;0.003562
'Train_04';117.900000;0.032168;0.028665;0.003562
'Train_04';118.000000;0.032083;0.028665;0.003562
'Train_04';118.100000;0.031773;0.028665;0.003562
'Train_04';118.200000;0.031773;0.007860;0.003562
'Train_04';118.300000;0.032634;0.007860;0.003562
'Train_04';118.400000;0.032739;0.007860;0.003562
'Train_04';118.500000;0.032739;0.007860;0.003562
'Train_04';118.600000;0.032354;0.007860;0.003562
'Train_04';118.700000;0.032354;0.007860;0.003562
'Train_04';118.800000;0.031912;0.007860;0.003562
'Train_04';118.900000;0.031912;0.007860;0.003562
'Train_04';119.000000;0.031773;0.007860;0.003562
'Train_04';119.100000;0.031773;0.007860;0.003562
'Train_04';119.200000;0.031773;0.007860;0.003562
'Train_04';119.300000;0.032043;0.007860;0.003562
'Train_04';119.400000;0.032006;0.007860;0.003562
'Train_04';119.500000;0.032079;0.007860;0.003562
'Train_04';119.600000;0.032894;0.007860;0.003562
'Train_04';119.700000;0.031845;0.007860;0.003562
'Train_04';119.800000;0.031787;0.007860;0.003562
'Train_04';119.900000;0.031835;0.007860;0.003562
'Train_04';120.000000;0.031835;0.007860;0.003562
'Train_04';120.100000;0.035024;0.007860;0.003562
'Train_04';120.200000;0.035024;0.007860;0.003562
'Train_04';120.300000;0.031773;0.007860;0.003562
'Train_04';120.400000;0.031773;0.007860;0.003562
'Train_04';120.500000;0.031773;0.007860;0.003562
'Train_04';120.600000;0.031773;0.007860;0.003562
'Train_04';120.700000;0.031773;0.007860;0.003562
'Train_04';120.800000;0.031773;0.007860;0.003562
'Train_04';120.900000;0.032334;0.007860;0.003562
'Train_04';121.000000;0.032334;0.007860;0.003562
'Train_04';121.100000;0.032334;0.007860;0.003562
'Train_04';121.200000;0.031773;0.007860;0.003562
'Train_04';121.300000;0.031877;0.007860;0.003562
'Train_04';121.400000;0.031877;0.007860;0.003562
'Train_04';121.500000;0.031877;0.007860;0.003562
'Train_04';121.600000;0.031809;0.007860;0.004160
'Train_04';121.700000;0.031809;0.007860;0.004160
'Train_04';121.800000;0.031809;0.007860;0.004160
'Train_04';121.900000;0.032071;0.007860;0.004160
'Train_04';122.000000;0.032434;0.007860;0.004160
'Train_04';122.100000;0.032397;0.007860;0.004160
'Train_04';122.200000;0.031785;0.007860;0.004160
'Train_04';122.300000;0.031785;0.014379;0.004160
'Train_04';122.400000;0.031773;0.023703;0.004160
'Train_04';122.500000;0.031773;0.026075;0.004160
'Train_04';122.600000;0.031773;0.028828;0.004160
'Train_04';122.700000;0.031773;0.028828;0.004160
'Train_04';122.800000;0.031773;0.028828;0.004160
'Train_04';122.900000;0.031773;0.028828;0.004160
'Train_04';123.000000;0.031773;0.028828;0.004160
'Train_04';123.100000;0.031799;0.028828;0.004160
'Train_04';123.200000;0.031799;0.028828;0.004160
'Train_04';123.300000;0.031773;0.028828;0.004160
'Train_04';123.400000;0.031782;0.028828;0.004160
'Train_04';123.500000;0.031866;0.028828;0.004160
'Train_04';123.600000;0.031866;0.028828;0.004160
'Train_04';123.700000;0.031949;0.028828;0.004160
'Train_04';123.800000;0.031995;0.026075;0.004160
'Train_04';123.900000;0.031949;0.026075;0.004160
'Train_04';124.000000;0.031881;0.025324;0.004160
'Train_04';124.100000;0.033244;0.025324;0.004160
'Train_04';124.200000;0.035237;0.025096;0.004160
'Train_04';124.300000;0.036156;0.024670;0.003562
'Train_04';124.400000;0.037552;0.024110;0.003562
'Train_04';124.500000;0.038663;0.021547;0.003562
'Train_04';124.600000;0.038663;0.015357;0.003562
'Train_04';124.700000;0.038663;0.014000;0.003562
'Train_04';124.800000;0.041650;0.012668;0.003562
'Train_04';124.900000;0.054034;0.012286;-0.004876
'Train_04';125.000000;0.068709;0.012286;-0.020581
'Train_04';125.100000;0.077119;0.013073;-0.034225
'Train_04';125.200000;0.082907;0.013073;-0.041525
'Train_04';125.300000;0.084286;0.013073;-0.041826
'Train_04';125.400000;0.084286;0.013073;-0.041826
'Train_04';125.500000;0.084286;0.013073;-0.030191
'Train_04';125.600000;0.084286;0.013073;-0.025473
'Train_04';125.700000;0.076601;0.013073;-0.025473
'Train_04';125.800000;0.075705;0.017918;-0.025473
'Train_04';125.900000;0.076601;0.017918;-0.010924
'Train_04';126.000000;0.077374;0.018796;-0.003282
'Train_04';126.100000;0.080023;0.018796;-0.003282
'Train_04';126.200000;0.081299;0.018796;-0.003306
'Train_04';126.300000;0.081299;0.018796;-0.003306
'Train_04';126.400000;0.079236;0.021937;-0.003282
'Train_04';126.500000;0.077057;0.023356;-0.002691
'Train_04';126.600000;0.079310;0.024702;0.003185
'Train_04';126.700000;0.078999;0.023356;0.000198
'Train_04';126.800000;0.078999;0.023356;0.000198
'Train_04';126.900000;0.079243;0.023356;0.000198
'Train_04';127.000000;0.079243;0.023356;0.000000
'Train_04';127.100000;0.075851;0.023356;0.000000
'Train_04';127.200000;0.075705;0.021295;0.000000
'Train_04';127.300000;0.075705;0.017539;0.000000
'Train_04';127.400000;0.075705;0.017265;0.000000
'Train_04';127.500000;0.075705;0.017265;0.000000
'Train_04';127.600000;0.074857;0.017265;0.000000
'Train_04';127.700000;0.074836;0.017265;0.000000
'Train_04';127.800000;0.074836;0.024105;0.000000
'Train_04';127.900000;0.075705;0.031136;0.000000
'Train_04';128.000000;0.075705;0.039780;0.000000
'Train_04';128.100000;0.078714;0.039780;0.000000
'Train_04';128.200000;0.082418;0.039780;0.000000
'Train_04';128.300000;0.082365;0.046190;0.000000
'Train_04';128.400000;0.092113;0.051832;0.000000
'Train_04';128.500000;0.099689;0.058464;0.000000
'Train_04';128.600000;0.102856;0.059551;0.000049
'Train_04';128.700000;0.102822;0.070743;0.000598
'Train_04';128.800000;0.102741;0.075226;0.000598
'Train_04';128.900000;0.102483;0.082436;0.000598
'Train_04';129.000000;0.107268;0.087752;0.000598
'Train_04';129.100000;0.113004;0.093250;0.000598
'Train_04';129.200000;0.112857;0.093250;0.000558
'Train_04';129.300000;0.112857;0.099582;0.000558
'Train_04';129.400000;0.112240;0.099582;0.000598
'Train_04';129.500000;0.110739;0.099582;0.000975
'Train_04';129.600000;0.110739;0.115640;0.000975
'Train_04';129.700000;0.110739;0.131144;0.000972
'Train_04';129.800000;0.112617;0.141024;0.000598
'Train_04';129.900000;0.115726;0.140146;0.000122
'Train_04';130.000000;0.113954;0.145078;0.000000
'Train_04';130.100000;0.115798;0.145078;0.000000
'Train_04';130.200000;0.114929;0.145078;0.000000
'Train_04';130.300000;0.118096;0.145078;0.000000
'Train_04';130.400000;0.121264;0.146055;-0.000997
'Train_04';130.500000;0.146619;0.144200;-0.000997
'Train_04';130.600000;0.147797;0.160238;-0.000997
'Train_04';130.700000;0.147800;0.168958;-0.000997
'Train_04';130.800000;0.144860;0.183100;0.000000
'Train_04';130.900000;0.148198;0.208106;-0.001385
'Train_04';131.000000;0.148198;0.213692;-0.001385
'Train_04';131.100000;0.148198;0.220952;-0.001385
'Train_04';131.200000;0.144370;0.237715;-0.001385
'Train_04';131.300000;0.139685;0.246598;-0.001385
'Train_04';131.400000;0.139685;0.252510;-0.001385
'Train_04';131.500000;0.131335;0.267454;-0.001385
'Train_04';131.600000;0.131335;0.267454;-0.003445
'Train_04';131.700000;0.131335;0.267454;-0.003445
'Train_04';131.800000;0.131335;0.253857;-0.003445
'Train_04';131.900000;0.127016;0.246598;-0.003445
'Train_04';132.000000;0.127016;0.241141;-0.003445
'Train_04';132.100000;0.127016;0.224866;-0.003445
'Train_04';132.200000;0.124339;0.225299;-0.003445
'Train_04';132.300000;0.125027;0.225161;-0.001385
'Train_04';132.400000;0.127750;0.219854;-0.001385
'Train_04';132.500000;0.129535;0.219815;-0.001385
'Train_04';132.600000;0.133350;0.219657;-0.001385
'Train_04';132.700000;0.136518;0.220569;-0.001385
'Train_04';132.800000;0.142852;0.220785;-0.001385
'Train_04';132.900000;0.142852;0.222378;-0.001385
'Train_04';133.000000;0.131438;0.221333;-0.005738
'Train_04';133.100000;0.131438;0.224545;-0.005738
'Train_04';133.200000;0.128402;0.219199;-0.006735
'Train_04';133.300000;0.128402;0.218711;-0.006735
'Train_04';133.400000;0.128099;0.221159;-0.006735
'Train_04';133.500000;0.128099;0.215890;-0.004432
'Train_04';133.600000;0.128099;0.214815;0.001319
'Train_04';133.700000;0.128099;0.213878;0.008900
'Train_04';133.800000;0.128188;0.183135;0.008900
'Train_04';133.900000;0.124886;0.180434;0.008900
'Train_04';134.000000;0.116536;0.176521;0.008817
'Train_04';134.100000;0.116359;0.153909;0.008817
'Train_04';134.200000;0.116359;0.144504;0.008900
'Train_04';134.300000;0.116011;0.144504;0.008900
'Train_04';134.400000;0.116011;0.146359;0.008900
'Train_04';134.500000;0.111333;0.144106;0.008900
'Train_04';134.600000;0.111333;0.143883;0.008900
'Train_04';134.700000;0.111333;0.143883;0.008900
'Train_04';134.800000;0.114215;0.143883;0.008900
'Train_04';134.900000;0.112231;0.144953;0.008900
'Train_04';135.000000;0.112231;0.143567;0.008900
'Train_04';135.100000;0.111491;0.146269;0.009107
'Train_04';135.200000;0.109045;0.143567;-0.008028
'Train_04';135.300000;0.109045;0.144504;-0.007494
'Train_04';135.400000;0.110258;0.144504;-0.006198
'Train_04';135.500000;0.110258;0.144504;-0.005892
'Train_04';135.600000;0.110258;0.144504;-0.005892
'Train_04';135.700000;0.110674;0.144157;-0.005302
'Train_04';135.800000;0.111900;0.141693;-0.001582
'Train_04';135.900000;0.112354;0.144015;0.005423
'Train_04';136.000000;0.112354;0.144015;0.010737
'Train_04';136.100000;0.110541;0.142325;0.010737
'Train_04';136.200000;0.110541;0.142233;0.010737
'Train_04';136.300000;0.108993;0.140667;0.010737
'Train_04';136.400000;0.108993;0.140035;0.010737
'Train_04';136.500000;0.108993;0.140756;0.013152
'Train_04';136.600000;0.108993;0.134188;0.013152
'Train_04';136.700000;0.108993;0.134188;0.015061
'Train_04';136.800000;0.109447;0.133777;0.016706
'Train_04';136.900000;0.110367;0.133777;0.016706
'Train_04';137.000000;0.110816;0.133777;0.016706
'Train_04';137.100000;0.110816;0.133052;0.016706
'Train_04';137.200000;0.106145;0.134868;0.010184
'Train_04';137.300000;0.096566;0.133931;0.001575
'Train_04';137.400000;0.089190;0.136319;-0.005516
'Train_04';137.500000;0.079713;0.133777;-0.005516
'Train_04';137.600000;0.082147;0.135382;-0.009961
'Train_04';137.700000;0.080328;0.134564;-0.011343
'Train_04';137.800000;0.080766;0.136817;-0.010914
'Train_04';137.900000;0.077908;0.134823;-0.010914
'Train_04';138.000000;0.075358;0.137610;-0.011649
'Train_04';138.100000;0.077505;0.148821;-0.013106
'Train_04';138.200000;0.077521;0.155995;-0.013106
'Train_04';138.300000;0.085654;0.156092;-0.016729
'Train_04';138.400000;0.088246;0.156001;-0.020353
'Train_04';138.500000;0.088246;0.147857;-0.020353
'Train_04';138.600000;0.085359;0.152329;-0.023734
'Train_04';138.700000;0.088917;0.142474;-0.023734
'Train_04';138.800000;0.096551;0.140340;-0.026759
'Train_04';138.900000;0.096551;0.140340;-0.027725
'Train_04';139.000000;0.096551;0.136950;-0.037021
'Train_04';139.100000;0.096551;0.136950;-0.042297
'Train_04';139.200000;0.096551;0.136950;-0.041234
'Train_04';139.300000;0.101311;0.136751;-0.038577
'Train_04';139.400000;0.104021;0.136680;-0.028674
'Train_04';139.500000;0.104057;0.136680;-0.023360
'Train_04';139.600000;0.109372;0.136751;-0.024339
'Train_04';139.700000;0.112173;0.136751;-0.024339
'Train_04';139.800000;0.112173;0.136555;-0.024339
'Train_04';139.900000;0.112173;0.135814;-0.027777
'Train_04';140.000000;0.111304;0.135814;-0.040787
'Train_04';140.100000;0.111304;0.134597;-0.072436
'Train_04';140.200000;0.111304;0.131681;-0.080288
'Train_04';140.300000;0.111304;0.133175;-0.080449
'Train_04';140.400000;0.113525;0.133175;-0.075147
'Train_04';140.500000;0.116512;0.132685;-0.075147
'Train_04';140.600000;0.116504;0.132685;-0.073453
'Train_04';140.700000;0.114872;0.132129;-0.072622
'Train_04';140.800000;0.116504;0.131655;-0.074939
'Train_04';140.900000;0.109578;0.131655;-0.065266
'Train_04';141.000000;0.103855;0.131655;-0.037272
'Train_04';141.100000;0.098558;0.132272;-0.013859
'Train_04';141.200000;0.095678;0.134150;-0.013058
'Train_04';141.300000;0.095678;0.134150;-0.012862
'Train_04';141.400000;0.094558;0.136746;-0.012862
'Train_04';141.500000;0.094558;0.137325;-0.012862
'Train_04';141.600000;0.094558;0.137325;-0.012862
'Train_04';141.700000;0.091756;0.135632;-0.012862
'Train_04';141.800000;0.079638;0.133176;-0.012862
'Train_04';141.900000;0.076443;0.133176;-0.014233
'Train_04';142.000000;0.075322;0.131655;-0.014922
'Train_04';142.100000;0.075322;0.131655;-0.013387
'Train_04';142.200000;0.075112;0.130889;-0.012324
'Train_04';142.300000;0.082148;0.130718;-0.013859
'Train_04';142.400000;0.079160;0.129781;-0.014514
'Train_04';142.500000;0.071714;0.128844;-0.014922
'Train_04';142.600000;0.068515;0.129000;-0.014922
'Train_04';142.700000;0.068515;0.129068;-0.014922
'Train_04';142.800000;0.069285;0.128332;-0.014922
'Train_04';142.900000;0.069285;0.128131;-0.012448
'Train_04';143.000000;0.061418;0.128442;-0.009726
'Train_04';143.100000;0.055846;0.128442;-0.009703
'Train_04';143.200000;0.055846;0.127906;-0.009703
'Train_04';143.300000;0.055846;0.127906;-0.009703
'Train_04';143.400000;0.054774;0.127906;-0.009703
'Train_04';143.500000;0.055337;0.127906;-0.009703
'Train_04';143.600000;0.055337;0.129202;-0.008243
'Train_04';143.700000;0.054729;0.122443;-0.000997
'Train_04';143.800000;0.054729;0.122443;-0.000799
'Train_04';143.900000;0.054729;0.122186;-0.001862
'Train_04';144.000000;0.054939;0.121147;-0.001862
'Train_04';144.100000;0.054752;0.121301;0.001510
'Train_04';144.200000;0.054752;0.121147;0.002535
'Train_04';144.300000;0.054752;0.121301;0.002535
'Train_04';144.400000;0.055326;0.121429;0.001502
'Train_04';144.500000;0.055326;0.119576;0.001502
'Train_04';144.600000;0.055326;0.111269;0.001502
'Train_04';144.700000;0.054406;0.103269;0.001502
'Train_04';144.800000;0.054406;0.103122;0.002034
'Train_04';144.900000;0.054406;0.103122;0.001502
'Train_04';145.000000;0.054406;0.103274;0.002034
'Train_04';145.100000;0.055155;0.105263;0.001502
'Train_04';145.200000;0.055155;0.104911;0.002129
'Train_04';145.300000;0.055155;0.104215;0.002034
'Train_04';145.400000;0.054406;0.094430;0.002034
'Train_04';145.500000;0.054786;0.091525;0.001502
'Train_04';145.600000;0.054406;0.091525;0.001502
'Train_04';145.700000;0.054786;0.092452;0.001502
'Train_04';145.800000;0.057581;0.091525;0.001502
'Train_04';145.900000;0.063352;0.091525;0.002565
'Train_04';146.000000;0.065051;0.092836;0.002565
'Train_04';146.100000;0.065051;0.103719;0.002565
'Train_04';146.200000;0.065051;0.114609;0.002565
'Train_04';146.300000;0.068039;0.118020;0.002565
'Train_04';146.400000;0.068039;0.119980;0.001502
'Train_04';146.500000;0.068039;0.119874;0.001502
'Train_04';146.600000;0.068039;0.119874;0.001752
'Train_04';146.700000;0.068039;0.119874;0.001752
'Train_04';146.800000;0.068039;0.119874;0.001502
'Train_04';146.900000;0.068039;0.119874;0.001502
'Train_04';147.000000;0.068039;0.119874;0.001502
'Train_04';147.100000;0.068039;0.119988;0.002565
'Train_04';147.200000;0.068039;0.117880;0.001502
'Train_04';147.300000;0.068039;0.117081;0.001502
'Train_04';147.400000;0.068039;0.111040;0.001502
'Train_04';147.500000;0.068039;0.107883;0.002232
'Train_04';147.600000;0.068039;0.102607;0.002565
'Train_04';147.700000;0.068039;0.095186;0.002565
'Train_04';147.800000;0.065630;0.092462;0.002565
'Train_04';147.900000;0.064390;0.092462;0.002565
'Train_04';148.000000;0.063360;0.092462;0.002565
'Train_04';148.100000;0.063360;0.092462;0.001502
'Train_04';148.200000;0.063360;0.093645;0.001502
'Train_04';148.300000;0.063360;0.092462;0.001502
'Train_04';148.400000;0.063360;0.092462;0.001502
'Train_04';148.500000;0.063360;0.089651;0.001502
'Train_04';148.600000;0.063360;0.090212;0.001502
'Train_04';148.700000;0.063360;0.090212;0.001502
'Train_04';148.800000;0.068039;0.089651;0.001502
'Train_04';148.900000;0.068039;0.089651;0.003037
'Train_04';149.000000;0.068039;0.091963;0.003037
'Train_04';149.100000;0.068039;0.092108;0.001502
'Train_04';149.200000;0.068039;0.092108;0.001502
'Train_04';149.300000;0.068039;0.089728;0.001502
'Train_04';149.400000;0.068039;0.081062;0.001502
'Train_04';149.500000;0.068039;0.079379;0.002565
'Train_04';149.600000;0.068039;0.079379;0.002565
'Train_04';149.700000;0.068039;0.083030;0.002565
'Train_04';149.800000;0.068039;0.082487;0.002565
'Train_04';149.900000;0.068039;0.079084;0.002301
'Train_04';150.000000;0.068039;0.077958;0.001502
'Train_04';150.100000;0.068039;0.077958;0.001502
'Train_04';150.200000;0.068039;0.077958;0.001502
'Train_04';150.300000;0.068039;0.078509;0.002565
'Train_04';150.400000;0.068039;0.078836;0.002565
'Train_04';150.500000;0.068039;0.074782;0.002565
'Train_04';150.600000;0.068039;0.073928;0.001502
'Train_04';150.700000;0.068039;0.073903;0.001502
'Train_04';150.800000;0.068039;0.073903;0.001502
'Train_04';150.900000;0.068039;0.073903;0.003562
'Train_04';151.000000;0.068039;0.067822;0.003562
'Train_04';151.100000;0.068039;0.067822;0.003562
'Train_04';151.200000;0.068039;0.067822;0.003562
'Train_04';151.300000;0.068039;0.067822;0.003562
'Train_04';151.400000;0.068039;0.067822;0.003562
'Train_04';151.500000;0.068039;0.067822;0.003562
'Train_04';151.600000;0.068039;0.067822;0.003562
'Train_04';151.700000;0.068039;0.067822;0.003562
'Train_04';151.800000;0.068039;0.067822;0.003562
'Train_04';151.900000;0.068039;0.067822;0.003562
'Train_04';152.000000;0.068039;0.067822;0.003562
'Train_04';152.100000;0.068039;0.060612;0.003562
'Train_04';152.200000;0.068039;0.060612;0.003562
'Train_04';152.300000;0.068039;0.060612;0.003562
'Train_04';152.400000;0.068039;0.060240;0.003562
'Train_04';152.500000;0.068039;0.052952;0.003562
'Train_04';152.600000;0.068039;0.052952;0.003562
'Train_04';152.700000;0.068039;0.052952;0.003562
'Train_04';152.800000;0.068039;0.052952;0.003562
'Train_04';152.900000;0.068039;0.052107;0.003562
'Train_04';153.000000;0.068039;0.051898;0.003562
'Train_04';153.100000;0.068039;0.052107;0.003562
'Train_04';153.200000;0.068039;0.051898;0.003562
'Train_04';153.300000;0.068039;0.051623;0.003562
'Train_04';153.400000;0.068039;0.051560;0.003562
'Train_04';153.500000;0.068039;0.054523;0.003562
'Train_04';153.600000;0.068039;0.055606;0.003562
'Train_04';153.700000;0.068039;0.056453;0.003562
'Train_04';153.800000;0.068039;0.055507;0.003562
'Train_04';153.900000;0.068039;0.055507;0.003562
'Train_04';154.000000;0.068039;0.055468;0.003562
'Train_04';154.100000;0.068039;0.055293;0.003562
'Train_04';154.200000;0.068039;0.053191;0.003562
'Train_04';154.300000;0.068039;0.053016;0.003562
'Train_04';154.400000;0.068039;0.056516;0.007175
'Train_04';154.500000;0.068039;0.057705;0.007175
'Train_04';154.600000;0.068039;0.061696;0.015677
'Train_04';154.700000;0.068039;0.071630;0.022226
'Train_04';154.800000;0.068039;0.077644;0.040416
'Train_04';154.900000;0.068039;0.077644;0.046070
'Train_04';155.000000;0.068039;0.093861;0.049258
'Train_04';155.100000;0.068039;0.094027;0.049258
'Train_04';155.200000;0.068039;0.103909;0.049258
'Train_04';155.300000;0.068039;0.108461;0.049258
'Train_04';155.400000;0.068039;0.108465;0.049258
'Train_04';155.500000;0.068039;0.108500;0.049258
'Train_04';155.600000;0.068039;0.108500;0.049258
'Train_04';155.700000;0.068039;0.107965;0.049258
'Train_04';155.800000;0.068039;0.107965;0.049258
'Train_04';155.900000;0.068039;0.108253;0.049258
'Train_04';156.000000;0.068039;0.108317;0.049258
'Train_04';156.100000;0.068039;0.108253;0.049258
'Train_04';156.200000;0.068039;0.108019;0.049258
'Train_04';156.300000;0.068039;0.107833;0.049258
'Train_04';156.400000;0.068039;0.107833;0.049258
'Train_04';156.500000;0.068039;0.107797;0.049258
'Train_04';156.600000;0.068039;0.108419;0.049258
'Train_04';156.700000;0.068039;0.108403;0.049258
'Train_04';156.800000;0.068039;0.108403;0.049258
'Train_04';156.900000;0.068039;0.107797;0.049258
'Train_04';157.000000;0.070130;0.107797;0.049258
'Train_04';157.100000;0.071401;0.108500;0.049258
'Train_04';157.200000;0.071401;0.108536;0.049258
'Train_04';157.300000;0.071693;0.108536;0.049258
'Train_04';157.400000;0.069700;0.097661;0.049258
'Train_04';157.500000;0.070329;0.097661;0.049258
'Train_04';157.600000;0.068039;0.097667;0.049258
'Train_04';157.700000;0.068984;0.098364;0.049258
'Train_04';157.800000;0.068039;0.097667;0.049258
'Train_04';157.900000;0.068984;0.097677;0.049258
'Train_04';158.000000;0.070056;0.097677;0.049258
'Train_04';158.100000;0.070171;0.097677;0.049258
'Train_04';158.200000;0.070056;0.097854;0.049258
'Train_04';158.300000;0.068080;0.097691;0.049258
'Train_04';158.400000;0.068080;0.097691;0.052376
'Train_04';158.500000;0.070115;0.097691;0.052376
'Train_04';158.600000;0.070115;0.098260;0.049187
'Train_04';158.700000;0.068039;0.098260;0.052121
'Train_04';158.800000;0.068039;0.097661;0.052121
'Train_04';158.900000;0.068039;0.097661;0.044853
'Train_04';159.000000;0.068125;0.097661;0.043620
'Train_04';159.100000;0.069077;0.097661;0.043620
'Train_04';159.200000;0.068456;0.097661;0.043595
'Train_04';159.300000;0.068469;0.097698;0.034693
'Train_04';159.400000;0.068456;0.097698;0.025129
'Train_04';159.500000;0.068469;0.088482;0.021728
'Train_04';159.600000;0.068184;0.084428;0.020759
'Train_04';159.700000;0.069290;0.081325;0.020731
'Train_04';159.800000;0.068135;0.077794;0.019335
'Train_04';159.900000;0.071369;0.077794;0.016962
'Train_04';160.000000;0.069276;0.074833;0.016627
'Train_04';160.100000;0.071369;0.071270;0.015630
'Train_04';160.200000;0.069276;0.069262;0.015630
'Train_04';160.300000;0.071261;0.060845;0.015630
'Train_04';160.400000;0.070137;0.060845;0.015630
'Train_04';160.500000;0.070280;0.059029;0.014567
'Train_04';160.600000;0.070137;0.059029;0.014567
'Train_04';160.700000;0.069097;0.059029;0.014567
'Train_04';160.800000;0.069097;0.059029;0.014567
'Train_04';160.900000;0.069699;0.058262;0.014706
'Train_04';161.000000;0.070280;0.050667;0.015630
'Train_04';161.100000;0.071244;0.049147;0.016627
'Train_04';161.200000;0.071244;0.049147;0.016627
'Train_04';161.300000;0.071244;0.049147;0.016627
'Train_04';161.400000;0.070198;0.049147;0.016627
'Train_04';161.500000;0.070198;0.049147;0.016627
'Train_04';161.600000;0.070047;0.049147;0.014927
'Train_04';161.700000;0.069562;0.049147;0.017628
'Train_04';161.800000;0.068039;0.044157;0.020562
'Train_04';161.900000;0.068039;0.044157;0.020562
'Train_04';162.000000;0.068039;0.044180;0.020562
'Train_04';162.100000;0.068389;0.044157;0.020562
'Train_04';162.200000;0.069160;0.043155;0.025170
'Train_04';162.300000;0.069160;0.040409;0.025170
'Train_04';162.400000;0.068564;0.039958;0.025170
'Train_04';162.500000;0.068564;0.040099;0.025170
'Train_04';162.600000;0.070855;0.040099;0.027197
'Train_04';162.700000;0.070855;0.039882;0.027347
'Train_04';162.800000;0.068041;0.039882;0.016524
'Train_04';162.900000;0.068039;0.039882;0.009827
'Train_04';163.000000;0.068041;0.039882;0.002822
'Train_04';163.100000;0.070989;0.039882;0.007389
'Train_04';163.200000;0.070989;0.039882;0.010518
'Train_04';163.300000;0.068478;0.040421;0.017242
'Train_04';163.400000;0.068478;0.044892;0.030699
'Train_04';163.500000;0.069263;0.045973;0.069784
'Train_04';163.600000;0.072273;0.045973;0.066487
'Train_04';163.700000;0.069263;0.045973;0.100636
'Train_04';163.800000;0.068483;0.051870;0.108274
'Train_04';163.900000;0.068326;0.061045;0.123855
'Train_04';164.000000;0.068483;0.071523;0.133961
'Train_04';164.100000;0.069160;0.075490;0.140655
'Train_04';164.200000;0.077761;0.079417;0.158333
'Train_04';164.300000;0.079804;0.046916;0.159333
'Train_04';164.400000;0.085435;0.043053;0.162889
'Train_04';164.500000;0.094558;0.045806;0.162889
'Train_04';164.600000;0.099040;0.054528;0.169633
'Train_04';164.700000;0.099040;0.056166;0.177873
'Train_04';164.800000;0.099040;0.073918;0.180803
'Train_04';164.900000;0.099040;0.086950;0.183931
'Train_04';165.000000;0.099040;0.091175;0.189969
'Train_04';165.100000;0.099040;0.093053;0.211596
'Train_04';165.200000;0.099040;0.093053;0.221410
'Train_04';165.300000;0.099040;0.092179;0.227410
'Train_04';165.400000;0.099040;0.087001;0.232511
'Train_04';165.500000;0.099040;0.081169;0.235445
'Train_04';165.600000;0.099040;0.074061;0.230064
'Train_04';165.700000;0.099040;0.070365;0.231392
'Train_04';165.800000;0.099040;0.067784;0.233217
'Train_04';165.900000;0.098071;0.067025;0.240056
'Train_04';166.000000;0.094558;0.067025;0.247636
'Train_04';166.100000;0.094558;0.077995;0.258511
'Train_04';166.200000;0.094558;0.091380;0.262196
'Train_04';166.300000;0.094558;0.094133;0.262196
'Train_04';166.400000;0.094558;0.094157;0.262196
'Train_04';166.500000;0.094558;0.094157;0.262196
'Train_04';166.600000;0.094470;0.093031;0.262196
'Train_04';166.700000;0.091746;0.093031;0.262794
'Train_04';166.800000;0.087274;0.093031;0.266506
'Train_04';166.900000;0.084286;0.093031;0.286389
'Train_04';167.000000;0.084286;0.093015;0.289753
'Train_04';167.100000;0.084286;0.081691;0.295095
'Train_04';167.200000;0.082045;0.067585;0.304438
'Train_04';167.300000;0.080623;0.066662;0.313144
'Train_04';167.400000;0.079804;0.066662;0.318289
'Train_04';167.500000;0.079804;0.065690;0.319980
'Train_04';167.600000;0.079804;0.064240;0.322944
'Train_04';167.700000;0.079804;0.066296;0.326406
'Train_04';167.800000;0.079804;0.066296;0.366838
'Train_04';167.900000;0.080925;0.062035;0.400194
'Train_04';168.000000;0.080925;0.062013;0.400261
'Train_04';168.100000;0.079804;0.061443;0.402851
'Train_04';168.200000;0.079804;0.060770;0.401009
'Train_04';168.300000;0.079804;0.063144;0.399228
'Train_04';168.400000;0.079804;0.070180;0.395511
'Train_04';168.500000;0.079804;0.069099;0.392224
'Train_04';168.600000;0.079804;0.070740;0.392224
'Train_04';168.700000;0.079804;0.070740;0.392132
'Train_04';168.800000;0.079804;0.070265;0.395533
'Train_04';168.900000;0.079804;0.070265;0.394737
'Train_04';169.000000;0.079804;0.071202;0.380486
'Train_04';169.100000;0.079804;0.071202;0.377105
'Train_04';169.200000;0.079804;0.069328;0.367744
'Train_04';169.300000;0.079804;0.069328;0.367744
'Train_04';169.400000;0.079804;0.083143;0.367744
'Train_04';169.500000;0.079804;0.084070;0.368195
'Train_04';169.600000;0.080609;0.088495;0.361038
'Train_04';169.700000;0.079804;0.087187;0.361038
'Train_04';169.800000;0.080716;0.086250;0.354956
'Train_04';169.900000;0.080159;0.087782;0.350771
'Train_04';170.000000;0.080159;0.085959;0.350771
'Train_04';170.100000;0.079804;0.089917;0.348554
'Train_04';170.200000;0.079804;0.091624;0.339911
'Train_04';170.300000;0.079804;0.092516;0.337563
'Train_04';170.400000;0.079804;0.097418;0.325668
'Train_04';170.500000;0.079804;0.096197;0.317971
'Train_04';170.600000;0.079804;0.094620;0.317971
'Train_04';170.700000;0.079804;0.094620;0.314969
'Train_04';170.800000;0.079804;0.094620;0.312219
'Train_04';170.900000;0.079804;0.094620;0.307818
'Train_04';171.000000;0.079804;0.094620;0.305884
'Train_04';171.100000;0.078179;0.094620;0.310472
'Train_04';171.200000;0.077261;0.094386;0.302520
'Train_04';171.300000;0.076469;0.096674;0.305048
'Train_04';171.400000;0.076435;0.096674;0.293115
'Train_04';171.500000;0.075322;0.096674;0.289433
'Train_04';171.600000;0.075553;0.096674;0.286271
'Train_04';171.700000;0.075322;0.096674;0.285798
'Train_04';171.800000;0.075553;0.098121;0.286817
'Train_04';171.900000;0.076339;0.098121;0.280116
'Train_04';172.000000;0.076339;0.096848;0.266017
'Train_04';172.100000;0.075322;0.096853;0.265543
'Train_04';172.200000;0.075322;0.103614;0.272490
'Train_04';172.300000;0.075322;0.104599;0.268017
'Train_04';172.400000;0.075322;0.111791;0.260771
'Train_04';172.500000;0.081777;0.149653;0.259718
'Train_04';172.600000;0.090173;0.176240;0.254361
'Train_04';172.700000;0.090834;0.200994;0.236040
'Train_04';172.800000;0.104002;0.216665;0.227497
'Train_04';172.900000;0.114598;0.226403;0.227497
'Train_04';173.000000;0.130632;0.232536;0.220162
'Train_04';173.100000;0.130664;0.250823;0.213681
'Train_04';173.200000;0.131059;0.256237;0.213681
'Train_04';173.300000;0.134356;0.256743;0.206100
'Train_04';173.400000;0.135621;0.256956;0.206678
'Train_04';173.500000;0.135621;0.258369;0.222283
'Train_04';173.600000;0.159093;0.258965;0.213569
'Train_04';173.700000;0.163412;0.277651;0.203356
'Train_04';173.800000;0.200235;0.333456;0.181653
'Train_04';173.900000;0.218342;0.360187;0.174072
'Train_04';174.000000;0.223925;0.382285;0.156228
'Train_04';174.100000;0.224025;0.403851;0.129634
'Train_04';174.200000;0.219142;0.408128;0.083811
'Train_04';174.300000;0.219142;0.408808;0.060562
'Train_04';174.400000;0.219602;0.411795;0.048409
'Train_04';174.500000;0.223461;0.401459;0.030366
'Train_04';174.600000;0.214209;0.385777;0.016580
'Train_04';174.700000;0.208415;0.380223;0.016580
'Train_04';174.800000;0.202064;0.345833;0.016580
'Train_04';174.900000;0.192485;0.324719;0.012956
'Train_04';175.000000;0.165944;0.319035;0.012998
'Train_04';175.100000;0.135173;0.313689;0.012942
